Site.22,TagNum,N_flowers.22,N_Wstem.22,N_Gstem.22,Sum_stems.22,Len_LS_cm.22,Height_cm.22,Width_cm.22,VOLUME.22,NOTES.22,Site.23,N_flowers.23,N_Wstem.23,N_Gstem.23,Sum_stems.23,Len_LS_cm.23,Height_cm.23,Width_cm.23,VOLUME.23,NOTES.23,Population,Treatment,Plot
hp1,301,0,4,0,4,14,15,16,3015.928947446201,NA,hp1,0,1,0,1,19,19,10,1492.2565104551518,NA,sc,fenced,hp1a
hp1,302,0,1,0,1,15,14,9,890.6415172927063,NA,hp1,0,0,0,0,0,0,0,0,NA,sc,fenced,hp1a
hp1,303,5,7,0,7,65,52,75,229728.96279375363,NA,hp1,0,2,0,2,58,42,46,69799.90557745802,NA,sc,fenced,hp1a
hp1,304,0,4,0,4,46,38,44,57780.172084823476,NA,hp1,0,2,0,2,68,45,58,118893.57397510573,NA,sc,fenced,hp1a
hp1,305,0,2,0,2,25,24,16,4825.486315913922,NA,hp1,0,1,0,1,41,38,26,20175.308021353652,NA,sc,fenced,hp1a
hp1,306,0,4,0,4,41,41,33,35067.24259753267,NA,hp1,0,4,0,4,57,57,23,23682.110820923255,NA,sc,fenced,hp1a
hp1,307,0,2,0,2,21,21,15,3711.0063220529432,NA,hp1,0,2,0,2,33,33,26,17520.662229070276,NA,sc,fenced,hp1a
hp1,308,6,3,0,3,53,52,33,44475.5271968707,NA,hp1,0,2,0,2,96,96,39,114680.6982266418,NA,sc,fenced,hp1a
hp1,309,3,3,0,3,86,84,65,278737.80818975443,NA,hp1,0,2,0,2,123,109,77,507572.2024753983,NA,sc,fenced,hp1a
hp1,310,0,6,0,6,48,43,43,62444.65177724092,NA,hp1,0,3,0,3,79,54,74,232245.37850927905,NA,sc,fenced,hp1a
hp1,311,18,4,0,4,91,71,101,568841.1132020332,NA,hp1,0,1,1,2,8,5,6,141.3716694115407,NA,sc,fenced,hp1a
hp1,312,0,4,3,7,28,25,20,7853.981633974483,NA,hp1,0,3,0,3,21,15,25,7363.107781851078,NA,sc,fenced,hp1a
hp1,313,5,6,0,6,110,105,102,857984.6616586405,NA,hp1,0,1,2,3,102,85,74,365571.4291349763,NA,sc,fenced,hp1a
hp1,314,0,4,0,4,26,25,14,3848.451000647496,NA,hp1,0,3,0,3,37,37,28,22782.82992383318,NA,sc,fenced,hp1a
hp1,401,0,5,0,5,84,85,78,406160.80621935637,Herbivoried tops,hp1,51,4,1,5,119,58,94,402507.1339632315,NA,sc,unfenced,hp1b
hp1,402,0,4,0,4,79,35,84,193961.93043263382,Herbivory,hp1,0,2,0,2,47,47,55,111663.98388103223,NA,sc,unfenced,hp1b
hp1,403,0,1,2,3,13,12,24,5428.672105403162,NA,hp1,NA,NA,NA,NA,NA,NA,NA,NA,NA,sc,unfenced,hp1b
hp1,404,0,1,0,1,35,19,32,15280.706667060753,NA,hp1,0,1,0,1,26,26,33,22237.76359843535,NA,sc,unfenced,hp1b
hp1,405,0,2,1,3,16,16,9,1017.8760197630929,NA,hp1,0,0,0,0,0,0,0,0,NA,sc,unfenced,hp1b
hp1,406,0,5,1,6,55,55,48,99525.65526572465,NA,hp1,30,5,1,6,78,78,70,300179.1780505047,NA,sc,unfenced,hp1b
hp1,407,0,1,0,1,16,16,9,1017.8760197630929,NA,hp1,0,1,1,2,23,23,13,3052.8426611258815,NA,sc,unfenced,hp1b
hp1,408,0,6,1,7,67,67,58,177019.32125182406,NA,hp1,1,6,1,7,74,69,63,215089.92642618858,NA,sc,unfenced,hp1b
hp1,409,0,3,0,3,30,30,17,6809.402076655877,NA,hp1,0,2,1,3,55,54,28,33250.61664559437,NA,sc,unfenced,hp1b
hp1,410,0,5,0,5,28,28,25,13744.467859455344,NA,hp1,0,5,0,5,39,39,25,19144.0802328128,NA,sc,unfenced,hp1b
hp1,411,0,3,0,3,37,37,28,22782.82992383318,NA,hp1,0,3,0,3,35,38,34,34500.97052172311,NA,sc,unfenced,hp1b
hp1,412,0,6,1,7,50,47,47,81542.39351841327,NA,hp1,0,3,2,5,54,61,52,129546.71466342872,NA,sc,unfenced,hp1b
hp1,413,0,2,0,2,74,63,15,11133.018966158828,NA,hp1,5,2,0,2,69,68,62,205296.7967267858,NA,sc,unfenced,hp1b
hp1,414,0,2,0,2,61,55,42,76199.32981282043,NA,hp1,5,3,0,3,79,72,63,224441.662357762,NA,sc,unfenced,hp1b
hp1,415,0,1,0,1,28,28,23,11633.317596243003,NA,hp1,0,1,0,1,34,28,25,13744.467859455344,NA,sc,unfenced,hp1b
hp1,416,9,10,0,10,72,59,98,445034.87371487654,NA,hp1,1,12,0,12,70,69,105,597472.0178505238,NA,sc,unfenced,hp1b
hp1,417,0,7,0,7,46,53,48,95906.5405287892,NA,hp1,0,8,0,8,45,45,56,110835.38881864789,NA,sc,unfenced,hp1b
hp1,418,258,13,0,13,137,139,141,2170415.623224149,V. early/small flower buds,hp1,107,13,5,18,130,70,183,1841153.9365812002,NA,sc,unfenced,hp1b
hp1,419,0,3,2,5,75,27,84,149627.77490517465,NA,hp1,0,4,3,7,77,43,79,210771.80732382942,NA,sc,unfenced,hp1b
hp1,420,0,1,0,1,29,13,7,500.29863008417453,NA,hp1,0,1,1,2,28,28,10,2199.1148575128555,NA,sc,unfenced,hp1b
hp1,421,0,2,0,2,105,78,82,411919.3455533865,NA,hp1,0,1,0,1,63,44,63,137158.79366307677,NA,sc,unfenced,hp1b
hp1,422,10,11,1,12,121,37,114,377660.2776659898,NA,hp1,0,6,0,6,74,54,71,213796.37565107297,NA,sc,unfenced,hp1b
hp1,423,0,1,0,1,74,74,7,2847.8537404791473,NA,hp1,0,1,0,1,85,79,48,142955.03210894993,NA,sc,unfenced,hp1b
hp1,424,0,4,0,4,54,31,46,51518.97792621901,NA,hp1,0,3,0,3,41,39,31,29435.937765972965,NA,sc,unfenced,hp1b
hp1,425,0,2,0,2,53,40,38,45364.59791783661,NA,hp1,0,3,0,3,58,36,60,101787.60197630929,NA,sc,unfenced,hp1b
hp1,426,0,4,1,5,67,42,69,157049.78754928056,NA,hp1,0,2,0,2,47,26,44,39533.80195277396,NA,sc,unfenced,hp1b
hp1,427,0,2,0,2,31,31,16,6232.919824722149,NA,hp1,0,1,0,1,45,45,9,2862.776305583699,NA,sc,unfenced,hp1b
hp1,428,0,2,0,2,20,20,10,1570.7963267948967,NA,hp1,0,1,0,1,18,18,10,1413.7166941154069,NA,sc,unfenced,hp1b
hp1,429,0,4,1,5,14,12,15,2120.5750411731105,NA,hp1,0,4,0,4,32,32,24,14476.458947741767,NA,sc,unfenced,hp1b
hp1,430,130,8,1,9,108,75,108,687066.3133400877,NA,hp1,3,5,0,5,70,46,70,177028.74602978484,NA,sc,unfenced,hp1b
hp1,431,0,7,0,7,67,46,99,354093.620375086,NA,hp1,19,7,0,7,67,69,89,429258.580806712,NA,sc,unfenced,hp1b
hp1,432,0,3,0,3,60,25,68,90792.02768874502,NA,hp1,0,3,0,3,33,28,35,26939.157004532477,NA,sc,unfenced,hp1b
hp1,433,0,1,0,1,37,21,24,9500.176184455535,NA,hp1,NA,NA,NA,NA,NA,NA,NA,NA,tag not found,sc,unfenced,hp1b
hp1,434,0,3,0,3,46,27,37,29030.67231365988,NA,hp1,0,1,1,2,14,14,4,175.92918860102841,NA,sc,unfenced,hp1b
hp1,435,0,3,0,3,49,37,48,66953.62263330567,NA,hp1,0,2,0,2,44,30,39,35837.71819582556,NA,sc,unfenced,hp1b
hp1,436,0,3,1,4,64,38,46,63152.29552246202,NA,hp1,0,3,0,3,60,36,55,85529.85999398213,NA,sc,unfenced,hp1b
hp1,437,0,1,1,2,34,30,26,15927.874753700251,NA,hp1,0,2,0,2,33,28,33,23948.360798314992,NA,sc,unfenced,hp1b
hp1,438,0,2,2,4,15,15,13,1990.9843442125314,NA,hp1,0,3,0,3,13,13,8,653.451271946677,NA,sc,unfenced,hp1b
hp1,439,0,2,2,4,37,20,29,13210.39710834508,NA,hp1,0,3,0,3,30,24,38,27218.758750701963,NA,sc,unfenced,hp1b
hp1,440,0,3,0,3,72,64,72,260576.2610593518,NA,hp1,0,3,0,3,80,50,80,251327.41228718346,NA,sc,unfenced,hp1b
hp1,441,25,10,1,11,83,74,88,450077.12992388813,NA,hp1,10,3,1,4,89,89,62,268697.2780688814,NA,sc,unfenced,hp1b
hp1,442,19,4,0,4,85,55,92,365618.5530247801,NA,hp1,7,2,0,2,94,53,72,215789.7161897757,NA,sc,unfenced,hp1b
hp1,443,10,1,0,1,115,29,110,275596.21553616464,NA,hp1,0,1,0,1,96,49,93,332852.527046002,NA,sc,unfenced,hp1b
hp1,444,0,1,0,1,78,29,5,569.41366846315,NA,hp1,4,1,1,2,92,45,87,267510.54144398787,NA,sc,unfenced,hp1b
hp1,445,58,2,0,2,79,75,61,219184.99245014286,NA,hp1,25,2,0,2,102,75,102,612846.1868990288,NA,sc,unfenced,hp1b
hp1,446,192,6,1,7,128,144,133,2000578.7681765945,NA,hp1,67,4,0,4,145,55,129,718839.5960403315,NA,sc,unfenced,hp1b
hp1,447,0,2,0,2,30,13,19,3685.8735808242245,NA,hp1,0,0,0,0,0,0,0,0,NA,sc,unfenced,hp1b
hp1,448,1,5,0,5,87,66,63,205738.19049461518,NA,hp1,36,3,0,3,82,64,87,380459.4367203383,NA,sc,unfenced,hp1b
hp1,449,0,1,0,1,52,31,89,192855.3044204068,NA,hp1,NA,NA,NA,NA,NA,NA,NA,NA,NA,sc,unfenced,hp1b
hp1,450,20,1,0,1,78,59,65,195780.12718089894,NA,hp1,0,1,0,1,16.5,12,7.5,530.1437602932776,NA,sc,unfenced,hp1b
hp1,451,0,2,0,2,21,21,16,4222.300526424682,NA,hp1,0,1,0,1,79,40,85,226980.06922186253,NA,sc,unfenced,hp1b
hp1,452,28,8,0,8,224,102,117,1096634.1767922624,NA,hp1,0,2,1,3,60,32,50,62831.853071795864,NA,sc,unfenced,hp1b
hp1,453,0,1,0,1,58,58,8,2915.397982531328,NA,hp1,0,1,0,1,61,26,13,3451.039529968388,NA,sc,unfenced,hp1b
NA,342,NA,NA,NA,NA,NA,NA,NA,NA,NA,hp1,0,2,0,2,117,13,54,29772.873578070466,"New tag, herbivory",sc,unfenced,hp1b
NA,343,NA,NA,NA,NA,NA,NA,NA,NA,NA,hp1,0,1,0,1,14,13,12,1470.2653618800232,new tag,sc,unfenced,hp1b
NA,344,NA,NA,NA,NA,NA,NA,NA,NA,NA,hp1,0,1,3,4,30,26,19,7371.747161648449,new tag,sc,unfenced,hp1b
NA,345,NA,NA,NA,NA,NA,NA,NA,NA,NA,hp1,0,2,0,2,23,23,13,3052.8426611258815,new tag,sc,unfenced,hp1b
hp2,501,0,1,0,1,18,13,18,3308.097064230052,NA,hp2,0,3,0,3,27,25,49,47143.52475793183,NA,sc,unfenced,hp2a
hp2,502,0,0,1,1,11,8,8,402.1238596594935,NA,hp2,0,1,0,1,21,21,8,1055.5751316061705,NA,sc,unfenced,hp2a
hp2,503,37,4,0,4,81,64,73,267864.75601568015,NA,hp2,114,4,0,4,70,43,79,210771.80732382942,NA,sc,unfenced,hp2a
hp2,504,123,8,0,8,104,99,130,1314049.667180271,NA,hp2,302,5,1,6,93,82,79,401936.934896605,NA,sc,unfenced,hp2a
hp2,505,31,2,0,2,64,46,59,125762.6663121798,NA,hp2,96,4,0,4,75,55,76,249505.28854810135,NA,sc,unfenced,hp2a
hp2,506,22,5,0,5,113,113,40,141999.98794225865,NA,hp2,18,5,0,5,87,63,53,138989.55678195623,NA,sc,unfenced,hp2a
hp2,507,0,2,0,2,74,74,47,128385.8961779273,NA,hp2,1,1,0,1,91,84,62,253601.92536838248,NA,sc,unfenced,hp2a
hp2,508,54,9,0,9,129,67,140,1031384.868173529,NA,hp2,35,8,0,8,153,70,140,1077566.280181299,NA,sc,unfenced,hp2a
hp2,509,0,7,0,7,37,40,28,24630.086404143978,NA,hp2,0,1,0,1,11,11,7,423.3296100712246,NA,sc,unfenced,hp2a
hp2,510,0,1,0,1,53,42,45,66798.11379695297,NA,hp2,7,1,1,2,71,50,45,79521.56404399163,NA,sc,unfenced,hp2a
hp2,511,15,6,0,6,112,73,153,1342133.1493088733,NA,hp2,16,9,4,13,104,104,142,1647023.9309415992,NA,sc,unfenced,hp2a
hp2,512,0,2,2,4,39,31,40,38955.748904513435,NA,hp2,4,1,0,1,58,29,44,44095.39448578634,NA,sc,unfenced,hp2a
hp2,513,28,4,1,5,81,66,81,340097.82510334346,NA,hp2,39,1,4,5,96,59,90,375341.7822876405,NA,sc,unfenced,hp2a
hp2,514,0,4,0,4,47,37,39,44199.8524415182,NA,hp2,7,4,0,4,28,52,29,34347.032481697206,NA,sc,unfenced,hp2a
hp2,515,0,2,0,2,56,28,50,54977.87143782138,NA,hp2,0,2,3,5,50,27,49,50915.00673856638,NA,sc,unfenced,hp2a
hp2,516,97,8,4,12,79,85,125,1043106.935762236,NA,hp2,355,11,1,12,95,80,122,935189.3011206096,NA,sc,unfenced,hp2a
hp2,517,0,2,0,2,22,19,19,5387.046002743097,NA,hp2,55,3,1,4,59,49,48,88668.31105491832,NA,sc,unfenced,hp2a
hp2,518,4,8,0,8,52,60,103,499937.34692901175,NA,hp2,134,5,0,5,95,84,87,499353.010695444,NA,sc,unfenced,hp2a
hp2,519,12,1,0,1,84,68,76,308479.26584128896,NA,hp2,172,2,0,2,78,75,61,219184.99245014286,NA,sc,unfenced,hp2a
hp2,520,86,8,3,11,105,70,111,677382.3539853971,NA,hp2,194,8,8,16,89,69,123,819877.9281687597,NA,sc,unfenced,hp2a
hp2,521,0,1,0,1,71,68,38,77119.81646032224,NA,hp2,0,2,0,2,38,38,33,32501.346797713206,NA,sc,unfenced,hp2a
hp2,522,20,6,1,7,88,88,89,547460.2189998645,NA,hp2,116,7,0,7,99,93,107,836258.1922645769,NA,sc,unfenced,hp2a
hp2,523,89,4,2,6,81,69,58,182303.48009516211,NA,hp2,48,2,0,2,77,59,41,77895.00444759552,NA,sc,unfenced,hp2a
hp2,524,0,2,0,2,25,21,20,6597.344572538565,has scale,hp2,0,1,0,1,37,17,26,9025.795693763475,NA,sc,unfenced,hp2a
hp2,525,80,7,3,10,88,47,137,692833.4920539152,has scale,hp2,3,4,4,8,64,25,79,122541.74844408687,NA,sc,unfenced,hp2a
hp2,526,0,1,2,3,47,29,34,26329.688029736055,has scale,hp2,0,2,0,2,38,34,33,29080.15239795392,NA,sc,unfenced,hp2a
hp2,527,0,1,1,2,50,50,24,22619.46710584651,has scale,hp2,3,2,0,2,53,42,36,42750.792830049904,NA,sc,unfenced,hp2a
hp2,528,0,2,0,2,45,45,18,11451.105222334796,has scale,hp2,8,1,0,1,52,52,36,52929.553027680835,NA,sc,unfenced,hp2a
hp2,529,0,1,3,4,23,21,29,13870.916963762334,has scale,hp2,0,1,1,2,17,17,12,1922.6547039969535,NA,sc,unfenced,hp2a
hp2,530,0,2,0,2,24,24,10,1884.9555921538758,has scale,hp2,0,0,1,1,15,15,12,1696.4600329384882,NA,sc,unfenced,hp2a
hp2,531,0,2,1,3,34,33,18,8397.477163045516,has scale,hp2,0,2,1,3,44,36,21,12468.981242097889,NA,sc,unfenced,hp2a
hp2,532,0,4,1,5,56,56,37,60211.76479870198,has scale,hp2,23,4,2,6,71,71,41,93738.05619964884,NA,sc,unfenced,hp2a
hp2,533,0,0,3,3,15,15,21,5195.408850874121,NA,hp2,0,0,0,0,0,0,0,0,NA,sc,unfenced,hp2a
hp2,534,0,3,0,3,53,53,40,66601.76425610362,has scale,hp2,0,1,0,1,84,34,67,119872.18008669895,NA,sc,unfenced,hp2a
hp2,535,1,1,0,1,72,27,40,33929.20065876977,has scale,hp2,0,1,0,1,74,34,54,77867.51551187661,NA,sc,unfenced,hp2a
hp2,536,81,5,1,6,91,54,99,415675.1195707531,has scale,hp2,61,3,1,4,97,76,100,596902.6041820607,NA,sc,unfenced,hp2a
hp2,537,1,5,2,7,74,61,82,322142.05229175097,a lot of scale damage,hp2,9,6,2,8,74,71,87,422072.1876116253,NA,sc,unfenced,hp2a
hp2,538,0,1,0,1,39,33,17,7490.342284321464,has scale,hp2,0,1,1,2,52,27,38,30621.103594539713,NA,sc,unfenced,hp2a
hp2,539,0,2,0,2,26,26,23,10802.366339368504,has scale,hp2,0,2,0,2,32,26,17,5901.481799768426,NA,sc,unfenced,hp2a
hp2,540,0,2,1,3,55,55,53,121340.08925408877,has scale,hp2,0,2,0,2,63,63,29,41612.750891287,NA,sc,unfenced,hp2a
hp2,541,0,4,1,5,45,45,44,68423.8879951857,has scale,hp2,0,4,0,4,50,50,20,15707.963267948966,NA,sc,unfenced,hp2a
hp2,542,1,6,0,6,75,62,115,643987.2240777377,has scale,hp2,44,6,1,7,79,79,76,358380.32355090923,NA,sc,unfenced,hp2a
hp2,543,0,5,0,5,45,37,44,56259.64124048602,has scale,hp2,0,4,3,7,53,41,66,140268.97039013068,NA,sc,unfenced,hp2a
hp2,544,0,5,0,5,64,64,44,97313.97403759744,has scale,hp2,0,0,2,2,20,20,20,6283.185307179587,NA,sc,unfenced,hp2a
hp2,545,6,2,2,4,43,23,38,26084.64380275605,has scale,hp2,0,2,0,2,66,66,20,20734.511513692636,NA,sc,unfenced,hp2a
hp2,546,39,2,2,4,94,71,105,614790.0473534375,has scale,hp2,42,5,0,5,67,66,105,571494.9735961532,NA,sc,unfenced,hp2a
hp2,547,0,2,0,2,22,22,13,2920.110371511713,has scale,hp2,0,2,1,3,36,36,12,4071.5040790523717,NA,sc,unfenced,hp2a
hp2,548,112,7,1,8,128,60,104,509691.99211840803,has scale,hp2,152,7,0,7,84,49,127,620716.6618944347,NA,sc,unfenced,hp2a
hp2,549,0,0,1,1,6,6,2,18.84955592153876,has been eaten,hp2,0,0,0,0,0,0,0,0,NA,sc,unfenced,hp2a
hp2,550,0,3,1,4,70,70,77,325963.79975484294,has scale,hp2,8,7,0,7,74,74,77,344590.3025979768,NA,sc,unfenced,hp2a
hp2,551,1,2,1,3,53,53,23,22020.208307174256,NA,hp2,42,1,0,1,92,92,61,268866.9240721753,NA,sc,unfenced,hp2a
hp2,601,11,1,0,1,48,38,41,50169.6638815022,NA,hp2,7,1,0,1,43,44,41,58091.18975752886,NA,sc,unfenced,hp2b
hp2,602,18,4,0,4,53,53,28,32634.86448549077,NA,hp2,4,1,1,2,52,49,40,61575.216010359945,NA,sc,unfenced,hp2b
hp2,603,34,1,1,2,58,37,62,111705.60998369228,NA,hp2,12,1,1,2,67,30,67,105769.57066473436,NA,sc,unfenced,hp2b
hp2,604,147,4,0,4,108,82,90,521661.4601285851,NA,hp2,107,4,0,4,114,91,42,126075.25478121199,NA,sc,unfenced,hp2b
hp2,605,0,3,0,3,47,47,52,99814.6817898549,NA,hp2,19,4,0,4,72,37,64,119028.66245921009,NA,sc,unfenced,hp2b
hp2,606,0,2,0,2,20,20,9,1272.345024703866,NA,hp2,0,2,0,2,26,23.5,17,5334.03162671377,NA,sc,unfenced,hp2b
hp2,607,0,3,0,3,25,24,36,24429.024474314232,Browsed,hp2,0,3,1,4,29,25,40,31415.926535897932,NA,sc,unfenced,hp2b
hp2,608,0,3,0,3,22,22,21,7619.932981282043,NA,hp2,3,2,1,3,28,26,30,18378.31702350029,NA,sc,unfenced,hp2b
hp2,609,31,2,1,3,69,36,56,88668.31105491832,NA,hp2,13,3,0,3,53,51,40,64088.49013323178,NA,sc,unfenced,hp2b
hp2,610,1,2,1,3,72,45,24,20357.520395261858,NA,hp2,13,2,1,3,62,38,61,111053.72950807239,NA,sc,unfenced,hp2b
hp2,611,3,4,1,5,64,57,24,25786.192500665024,diseased,hp2,47,4,2,6,60,46,80,231221.2193042088,NA,sc,unfenced,hp2b
hp2,612,217,3,2,5,127,73,168,1618196.6767522593,"Farther downslope ~1.5M, white dot",hp2,98,3,2,5,88,66,92,438742.26362973615,NA,sc,unfenced,hp2b
hp2,613,21,3,2,5,93,58,46,96390.34579744203,Has white pathogen - dots. Makes more brittle,hp2,3,1,0,1,57,57,49,107487.23644808459,NA,sc,unfenced,hp2b
hp2,614,66,4,0,4,100,67,90,426235.58327579516,NA,hp2,55,4,0,4,90,86,108,787836.0392966339,NA,sc,unfenced,hp2b
hp2,615,0,1,0,1,14,14,8,703.7167544041137,NA,hp2,NA,NA,NA,NA,NA,NA,NA,NA,NA,sc,unfenced,hp2b
hp2,616,0,1,1,2,31,31,15,5478.152189697202,white dot,hp2,0,0,0,0,0,0,0,0,NA,sc,unfenced,hp2b
hp2,617,0,1,0,1,29,39,20,12252.211349000194,NA,hp2,1,1,1,2,51,51,36,51911.67700791774,NA,sc,unfenced,hp2b
hp2,618,0,3,0,3,61,38,29,25099.754505855653,NA,hp2,2,1,0,1,42,42,28,25861.590724351176,NA,sc,unfenced,hp2b
hp2,619,0,0,1,1,11,11,7,423.3296100712246,NA,hp2,0,1,0,1,12,11,10,863.9379797371931,NA,sc,unfenced,hp2b
hp2,620,7,1,0,1,21,21,5,412.33403578366034,NA,hp2,NA,NA,NA,NA,NA,NA,NA,NA,NA,sc,unfenced,hp2b
hp2,621,0,3,1,4,46,46,23,19111.878908113507,NA,hp2,26,3,0,3,43,33,37,35481.93282780652,NA,sc,unfenced,hp2b
hp2,622,9,2,0,2,96,72,83,389563.77223044157,NA,hp2,43,2,0,2,88,58,82,306299.00053969765,NA,sc,unfenced,hp2b
hp2,623,0,0,1,1,7,7,4,87.96459430051421,Very near SE corner,hp2,NA,NA,NA,NA,NA,NA,NA,NA,NA,sc,unfenced,hp2b
hp2,624,10,1,0,1,45,40,42,55417.69440932395,NA,hp2,3,2,0,2,52,32,54,73287.07342294269,NA,sc,unfenced,hp2b
hp2,625,0,1,0,1,30,30,15,5301.437602932776,NA,hp2,0,0,0,0,0,0,0,0,NA,sc,unfenced,hp2b
hp2,626,11,1,0,1,46,25,41,33006.35781677776,NA,hp2,49,1,0,1,62,33,62,99629.32782329312,NA,sc,unfenced,hp2b
hp2,627,0,2,0,2,41,43,37,46234.03368471759,NA,hp2,3,3,0,3,56,40,62,120762.82160399164,NA,sc,unfenced,hp2b
hp2,628,64,2,0,2,65,65,77,302680.6712009256,NA,hp2,59,2,0,2,70,70,62,211334.9378069854,NA,sc,unfenced,hp2b
hp2,629,17,2,1,3,60,50,69,186964.03279676256,NA,hp2,15,4,1,5,65,32,73,133932.37800784007,NA,sc,unfenced,hp2b
hp2,630,239,12,3,15,193,86,136,1249298.3009971315,NA,hp2,214,17,2,19,96,92,120,1040495.4868689395,NA,sc,unfenced,hp2b
hp2,631,425,6,2,8,128,90,165,1924421.8498645977,NA,hp2,199,5,0,5,81,81,103,674915.4183541659,NA,sc,unfenced,hp2b
hp2,632,0,4,0,4,42,42,31,31700.24067104781,NA,hp2,8,7,1,8,41,41,45,65207.68251607314,NA,sc,unfenced,hp2b
hp2,633,221,5,0,5,120,122,140,1878044.0883159784,NA,hp2,282,5,3,8,116,95,130,1260956.7513346032,NA,sc,unfenced,hp2b
hp2,634,7,2,1,3,51,31,47,53783.280831293865,NA,hp2,NA,NA,NA,NA,NA,NA,NA,NA,NA,sc,unfenced,hp2b
hp2,635,0,3,1,4,67,54,40,67858.40131753954,NA,hp2,100,2,3,5,105,59,85,334795.60210224724,NA,sc,unfenced,hp2b
hp2,636,0,1,0,1,17,6,6,169.64600329384882,NA,hp2,NA,NA,NA,NA,NA,NA,NA,NA,NA,sc,unfenced,hp2b
hp2,637,0,1,1,2,32,15,32,12063.715789784805,NA,hp2,NA,NA,NA,NA,NA,NA,NA,NA,NA,sc,unfenced,hp2b
hp2,638,0,1,0,1,18,18,12,2035.7520395261859,Tag is east of plant/downslope,hp2,0,1,0,1,14,14,5,274.88935718910693,NA,sc,unfenced,hp2b
hp2,639,0,3,0,3,35,39,39,46589.03365457323,NA,hp2,0,0,0,0,0,0,0,0,NA,sc,unfenced,hp2b
hp2,640,6,1,0,1,80,27,54,61835.968200607895,NA,hp2,0,0,0,0,0,0,0,0,NA,sc,unfenced,hp2b
hp2,641,0,4,1,5,38,32,43,46470.43853190022,Tag is beneath old woody vine,hp2,0,0,0,0,0,0,0,0,NA,sc,unfenced,hp2b
hp2,642,0,1,1,2,60,60,30,42411.50082346221,NA,hp2,13,2,0,2,63.5,63.5,35,61094.15963527901,NA,sc,unfenced,hp2b
hp2,643,0,2,1,3,73,18,75,79521.56404399165,NA,hp2,0,0,0,0,0,0,0,0,NA,sc,unfenced,hp2b
hp2,644,261,2,0,2,116,79,136,1147611.229985737,NA,hp2,218,3,1,4,108,81,144,1319167.3216129683,NA,sc,unfenced,hp2b
hp2,645,55,1,0,1,113,61,71,241510.72064287873,NA,hp2,64,1,1,2,81,51,58,134746.0505051198,NA,sc,unfenced,hp2b
hp2,646,101,1,1,2,91,63,79,308805.2060790989,NA,hp2,36,1,0,1,80,65,74,279554.6222796878,NA,sc,unfenced,hp2b
hp2,647,33,1,0,1,91,61,79,299001.86620357196,Has white dots,hp2,105,2,0,2,106,58,96,419817.3094845112,NA,sc,unfenced,hp2b
hp2,648,0,1,1,2,49,49,41,64692.46132088442,NA,hp2,16,1,0,1,71,59,15,10426.160619101125,NA,sc,unfenced,hp2b
hp2,649,47,1,1,2,65,42,62,126800.96268419124,NA,hp2,54,2,0,2,64,59,63,183917.47332094386,NA,sc,unfenced,hp2b
hp2,650,0,6,0,6,61,61,67,215064.79368495988,NA,hp2,48,4,0,4,58,45,49,84858.3445642773,NA,sc,unfenced,hp2b
hp2,651,0,2,0,2,50,50,25,24543.692606170258,NA,hp2,11,2,0,2,61,56,36,57001.057106733206,NA,sc,unfenced,hp2b
hp2,652,23,9,0,9,111,111,72,451936.9527748133,NA,hp2,156,6,0,6,153,136,127,1722805.4289314921,NA,sc,unfenced,hp2b
hp2,653,7,2,0,2,68,68,74,292457.143307981,NA,hp2,36,2,0,2,96,86,37,92468.06736943519,NA,sc,unfenced,hp2b
hp2,654,0,3,0,3,64,64,58,169093.08298681703,NA,hp2,69,2,1,3,92,62,81,319485.8357031408,NA,sc,unfenced,hp2b
hp2,655,0,2,0,2,65,62,51,126654.8786257993,NA,hp2,0,2,1,3,52,41,29,27081.314072107416,NA,sc,unfenced,hp2b
hp2,656,0,2,0,2,39,48,43,69705.65779785032,NA,hp2,35,3,1,4,76,76,31,57362.34026189603,NA,sc,unfenced,hp2b
hp2,657,0,4,1,5,75,89,87,529076.4041892204,Tag is on South side,hp2,114,3,1,4,117,66,95,467822.41602769005,NA,sc,unfenced,hp2b
hp2,658,0,10,0,10,121,98,121,1126903.4220095999,NA,hp2,369,9,3,12,175,133,175,3199024.8942882316,NA,sc,unfenced,hp2b
hp2,659,0,1,0,1,20,19,11,1805.6303776507336,NA,hp2,0,3,0,3,45,29,31,21888.261415723486,NA,sc,unfenced,hp2b
hp2,660,25,2,1,3,98,94,48,170098.39263596575,NA,hp2,NA,NA,NA,NA,NA,NA,NA,NA,NA,sc,unfenced,hp2b
hp2,661,134,5,0,5,113,62,134,874361.7841618041,NA,hp2,276,8,2,10,101,84,117,903110.4985348042,NA,sc,unfenced,hp2b
hp2,662,37,1,2,3,93,72,97,532066.4149972745,NA,hp2,111,3,0,3,92,56,70,215513.25603625982,NA,sc,unfenced,hp2b
hp2,663,0,1,0,1,12,12,6,339.29200658769764,NA,hp2,0,0,0,0,0,0,0,0,NA,sc,unfenced,hp2b
hp2,664,0,3,0,3,43,43,11,4086.4266441569234,NA,hp2,NA,NA,NA,NA,NA,NA,NA,NA,NA,sc,unfenced,hp2b
hp2,665,0,1,0,1,48,36,26,19113.449704440303,NA,hp2,0,3,0,3,43,21,39,25086.402737077893,NA,sc,unfenced,hp2b
hp2,666,0,3,0,3,20,20,34,18158.405537749004,Tag to South b/c of rock,hp2,0,0,0,0,0,0,0,0,NA,sc,unfenced,hp2b
hp2,667,0,1,0,1,28,22,28,13546.547522279187,NA,hp2,1,1,1,2,49,34,43,49374.84094014398,NA,sc,unfenced,hp2b
hp2,668,0,5,0,5,19,21,28,12930.795362175588,NA,hp2,0,5,2,7,56,23,56,56649.19872953115,NA,sc,unfenced,hp2b
hp2,669,68,3,0,3,118,70,112,689642.4193160314,NA,hp2,69,4,0,4,119,71,89,441700.8585112543,NA,sc,unfenced,hp2b
hp2,670,3,2,1,3,62,46,50,90320.78879070656,NA,hp2,30,4,1,5,66,46,63,143393.28428412572,NA,sc,unfenced,hp2b
hp2,671,0,2,0,2,32,32,37,34406.72274211542,NA,hp2,11,2,0,2,50,38,51,77627.18367387699,NA,sc,unfenced,hp2b
hp2,672,0,3,0,3,73,73,38,82790.39120005182,NA,hp2,38,3,0,3,78,75,65,248873.04302656645,NA,sc,unfenced,hp2b
hp2,673,0,2,1,3,28,28,20,8796.459430051422,NA,hp2,0,2,1,3,24,24,19,6804.689687675491,NA,sc,unfenced,hp2b
hp2,674,0,2,0,2,63,43,53,94865.88796228758,NA,hp2,0,1,2,3,74,25,70,96211.27501618741,NA,sc,unfenced,hp2b
hp2,675,10,5,1,6,60,44,54,100769.7259565462,NA,hp2,49,4,0,4,63,54,99,415675.1195707531,NA,sc,unfenced,hp2b
hp2,676,0,2,0,2,45,45,11,4276.492999699106,NA,hp2,8,1,0,1,53,53,27,30345.428839187207,NA,sc,unfenced,hp2b
hp2,677,0,6,0,6,79,63,56,155169.54434610705,NA,hp2,0,2,0,2,18,18,19,5103.517265756618,NA,sc,unfenced,hp2b
hp2,678,4,2,0,2,65,65,59,177708.11544112363,NA,hp2,17,3,0,3,76,69,67,243270.01252888903,NA,sc,unfenced,hp2b
hp2,679,1,3,0,3,58,39,72,158788.6590830425,NA,hp2,26,1,0,1,94,70,64,225189.36140931636,NA,sc,unfenced,hp2b
hp2,680,0,3,0,3,58,58,60,163991.1365173872,NA,hp2,16,1,1,2,64,55,36,55983.18108697011,NA,sc,unfenced,hp2b
hp2,681,29,7,0,7,99,69,92,458685.09379472415,NA,hp2,100,8,1,9,95,80,124,966102.5728319332,NA,sc,unfenced,hp2b
hp2,682,28,1,0,1,74,60,58,158524.76530014095,NA,hp2,116,2,0,2,87,68,103,566595.6598528799,NA,sc,unfenced,hp2b
hp2,683,0,5,2,7,75,75,53,165463.75807375743,NA,hp2,11,6,0,6,89,80,85,453960.13844372507,NA,sc,unfenced,hp2b
hp2,684,33,1,0,1,108,66,78,315371.92012326495,NA,hp2,47,2,0,2,106,81,77,377186.68257346115,NA,sc,unfenced,hp2b
hp2,685,59,11,0,11,158,112,174,2663216.057042368,NA,hp2,401,10,0,10,194,102,185,2741785.718512322,NA,sc,unfenced,hp2b
hp2,686,0,1,0,1,43,35,30,24740.04214701962,NA,hp2,NA,NA,NA,NA,NA,NA,NA,NA,NA,sc,unfenced,hp2b
NA,336,NA,NA,NA,NA,NA,NA,NA,NA,NA,hp2,0,1,0,1,8.5,7,8.5,397.21512113825946,NA,sc,unfenced,hp2b
NA,337,NA,NA,NA,NA,NA,NA,NA,NA,NA,hp2,0,0,2,2,6,3,8,150.79644737231007,NA,sc,unfenced,hp2b
NA,338,NA,NA,NA,NA,NA,NA,NA,NA,NA,hp2,0,1,1,2,11,11,13,1460.0551857558564,NA,sc,unfenced,hp2b
NA,339,NA,NA,NA,NA,NA,NA,NA,NA,NA,hp2,11,1,1,2,50,36,27,20611.98940020263,NA,sc,unfenced,hp2b
NA,340,NA,NA,NA,NA,NA,NA,NA,NA,NA,hp2,0,0,1,1,17,17,10,1335.1768777756622,NA,sc,unfenced,hp2b
NA,341,NA,NA,NA,NA,NA,NA,NA,NA,NA,hp2,0,1,0,1,14,14,5,274.88935718910693,NA,sc,unfenced,hp2b
nf7,201,1,3,1,4,74,31,68,112582.11433404383,NA,nf7,0,1,1,2,63,63,16,12666.901579274047,NA,sc,fenced,nf7a
nf7,202,0,5,0,5,39,31,27,17749.21309461893,NA,nf7,0,4,0,4,64,50,50,98174.77042468103,NA,sc,fenced,nf7a
nf7,203,0,6,0,6,29,31,36,31554.15661265588,NA,nf7,0,5,0,5,31,27,47,46843.50265951401,NA,sc,fenced,nf7a
nf7,209,0,1,0,1,28,28,20,8796.459430051422,NA,nf7,0,0,0,0,0,0,0,0,NA,sc,fenced,nf7a
nf7,210,13,6,0,6,85,50,108,458044.2088933918,NA,nf7,0,0,0,0,0,0,0,0,NA,sc,fenced,nf7a
nf7,211,0,1,0,1,21,13,19,3685.8735808242245,NA,nf7,0,4,0,4,25,23,22,8743.052354940395,NA,sc,fenced,nf7a
nf7,212,14,3,1,4,36,34,37,36557.14291349763,NA,nf7,1,4,0,4,97,39,89,242624.41523857633,NA,sc,fenced,nf7a
nf7,213,0,1,0,1,14,9,10,706.8583470577034,NA,nf7,0,1,0,1,30,18,20,5654.8667764616275,NA,sc,fenced,nf7a
nf7,214,0,2,0,2,71,46,72,187289.1876364091,NA,nf7,0,0,0,0,0,0,0,0,NA,sc,fenced,nf7a
nf7,215,0,2,0,2,19,21,16,4222.300526424682,NA,nf7,2,2,0,2,46,28,51,57198.97744390936,NA,sc,fenced,nf7a
nf7,216,0,1,0,1,50,50,26,26546.457922833753,NA,nf7,0,2,1,3,39,36,32,28952.917895483533,NA,sc,fenced,nf7a
nf7,217,0,1,0,1,19,19,16,3820.176666765188,NA,nf7,0,1,0,1,33,2,28,1231.5043202071988,NA,sc,fenced,nf7a
nf7,218,0,2,0,2,15,15,19,4252.931054797182,NA,nf7,0,2,0,2,64,57,45,90654.58301015047,NA,sc,fenced,nf7a
nf7,219,0,3,0,3,39,39,37,41933.19334195316,NA,nf7,23,1,0,1,69,54,64,173717.5073729012,NA,sc,fenced,nf7a
nf7,220,0,3,1,4,49,44,37,47309.2437704087,NA,nf7,4,4,0,4,79,74,76,335698.0245919909,NA,sc,fenced,nf7a
nf7,221,8,2,0,2,66,55,43,79871.0662267035,NA,nf7,10,2,1,3,72,46,67,162180.0083525927,NA,sc,fenced,nf7a
nf7,222,9,2,1,3,34,35,29,23118.19493960389,NA,nf7,3,3,0,3,117,49,110,465662.5710783471,NA,sc,fenced,nf7a
nf7,223,0,2,0,2,74,37,45,58845.957392553806,NA,nf7,10,2,1,3,59,36,57,91863.31078361915,NA,sc,fenced,nf7a
nf7,224,1,3,0,3,78,31,66,106057.02639253782,NA,nf7,1,2,2,4,87,39,60,110269.90214100173,NA,sc,fenced,nf7a
nf7,225,0,2,1,3,45,42,30,29688.050576423546,NA,nf7,0,1,1,2,57,31,54,70996.85237847573,NA,sc,fenced,nf7a
nf7,226,0,2,0,2,38,38,18,9669.822187749383,NA,nf7,2,2,0,2,60,44,56,108372.38017823349,NA,sc,fenced,nf7a
nf7,227,0,1,1,2,19,19,14,2924.822760492097,NA,nf7,0,2,0,2,44,39,31,29435.937765972965,NA,sc,fenced,nf7a
nf7,228,0,4,0,4,22,19,23,7894.036940307752,NA,nf7,0,5,0,5,46,46,28,28324.599364765574,NA,sc,fenced,nf7a
nf7,229,0,1,0,1,26,24,18,6107.256118578558,NA,nf7,0,3,0,3,74,70,36,71251.3213834165,NA,sc,fenced,nf7a
nf7,230,0,2,1,3,22,17,24,7690.618815987814,NA,nf7,0,3,0,3,64,64,35,61575.216010359945,NA,sc,fenced,nf7a
nf7,231,0,4,0,4,22,26,23,10802.366339368504,NA,nf7,0,5,1,6,44,44,31,33209.7759410977,NA,sc,fenced,nf7a
nf7,232,0,2,1,3,28,22,27,12596.215744568275,NA,nf7,0,2,1,3,33,27,28,16625.308322797184,NA,sc,fenced,nf7a
nf7,233,0,5,0,5,39,39,41,51489.91819417331,NA,nf7,14,1,1,2,72,65,6,1837.831702350029,NA,sc,fenced,nf7a
nf7,234,0,2,1,3,19,19,11,1805.6303776507336,NA,nf7,0,2,0,2,42,42,18,10687.698207512476,NA,sc,fenced,nf7a
nf7,235,0,2,0,2,20,18,20,5654.8667764616275,NA,nf7,0,3,0,3,40,40,25,19634.95408493621,NA,sc,fenced,nf7a
nf7,236,0,1,0,1,23,22,14,3386.6368805697966,NA,nf7,0,1,0,1,49,49,11,4656.625710783471,NA,sc,fenced,nf7a
nf7,237,0,2,0,2,66,66,23,27421.39147685851,NA,nf7,0,0,0,0,0,0,0,0,NA,sc,fenced,nf7a
nf7,238,3,6,1,7,79,71,48,128478.57316120817,NA,nf7,0,3,0,3,37,37,18,9415.353182808609,NA,sc,fenced,nf7a
nf7,239,0,1,0,1,47,21,36,21375.396415024952,NA,nf7,0,0,0,0,0,0,0,0,NA,sc,fenced,nf7a
nf7,240,7,7,0,7,70,65,60,183783.1702350029,NA,nf7,24,6,0,6,87,53,89,329720.35917037295,NA,sc,fenced,nf7a
nf7,241,0,2,0,2,23,19,23,7894.036940307752,NA,nf7,0,3,0,3,39,32,33,27369.55519807428,NA,sc,fenced,nf7a
nf7,242,0,3,0,3,66,66,25,32397.67424014474,NA,nf7,24,3,0,3,95,63,64,202670.42526838474,NA,sc,fenced,nf7a
nf7,243,0,1,0,1,24,19,21,6580.851211107219,NA,nf7,0,2,0,2,39,37,32,29757.16561480252,NA,sc,fenced,nf7a
nf7,244,3,1,1,2,44,44,12,4976.282763286233,NA,nf7,3,2,0,2,67,67,19,18996.42537809408,NA,sc,fenced,nf7a
nf7,245,0,2,1,3,32,18,28,11083.53888186479,NA,nf7,0,0,0,0,0,0,0,0,NA,sc,fenced,nf7a
nf7,246,0,2,0,2,33,33,26,17520.662229070276,NA,nf7,0,2,0,2,53,43,45,68388.54507783281,NA,sc,fenced,nf7a
nf7,247,0,1,0,1,17,12,17,2723.7608306623506,NA,nf7,0,1,0,1,38,22,28,13546.547522279187,NA,sc,fenced,nf7a
nf7,248,0,2,0,2,17,17,10,1335.1768777756622,NA,nf7,0,1,0,1,19,17,17,3858.661176771663,NA,sc,fenced,nf7a
nf7,249,0,2,0,2,20,16,27,9160.884177867836,NA,nf7,0,4,0,4,64,61,26,32386.67866585718,NA,sc,fenced,nf7a
nf7,250,0,1,0,1,53,45,37,48384.453856099804,NA,nf7,19,2,0,2,64,29,54,66416.41028954182,NA,sc,fenced,nf7a
nf7,251,1,2,0,2,55,55,46,91404.63825619503,NA,nf7,42,3,0,3,121,65,102,531133.3619791584,NA,sc,fenced,nf7a
nf7,252,3,2,0,2,55,55,35,52916.20125890308,NA,nf7,68,3,0,3,4,60,69,224356.83935611506,NA,sc,fenced,nf7a
nf7,253,0,2,0,2,31,28,18,7125.132138341651,NA,nf7,0,4,0,4,60,53,38,60108.092241133505,NA,sc,fenced,nf7a
nf7,254,0,2,0,2,34,34,14,5233.893360880595,NA,nf7,2,3,0,3,74,50,36,50893.800988154646,NA,sc,fenced,nf7a
nf7,255,14,4,0,4,63,48,35,46181.41200776996,NA,nf7,47,3,0,3,67,47,72,191360.69171546146,NA,sc,fenced,nf7a
nf7,256,0,3,0,3,51,42,35,40408.735506798716,NA,nf7,63,3,0,3,70,48,82,253488.8280328532,NA,sc,fenced,nf7a
nf7,257,0,3,0,3,24,24,13,3185.5749507400506,NA,nf7,2,3,0,3,46,33,40,41469.02302738527,NA,sc,fenced,nf7a
nf7,258,0,1,0,1,38,18,30,12723.450247038661,NA,nf7,0,1,0,1,42,36,18,9160.884177867836,NA,sc,fenced,nf7a
nf7,259,0,5,0,5,34,34,33,29080.15239795392,NA,nf7,28,5,0,5,87,60,100,471238.89803846896,NA,sc,fenced,nf7a
nf7,260,8,6,1,7,84,56,107,503553.3200732936,NA,nf7,14,5,1,6,15,107,60,302535.37254069705,NA,sc,fenced,nf7a
NA,357,NA,NA,NA,NA,NA,NA,NA,NA,NA,nf7,0,1,0,1,17,17,7,654.2366701100743,NA,sc,fenced,nf7a
NA,358,NA,NA,NA,NA,NA,NA,NA,NA,NA,nf7,0,1,0,1,28,28,12,3166.7253948185116,NA,sc,fenced,nf7a
nf7,701,0,1,0,1,18,9,16,1809.5573684677208,NA,nf7,0,1,0,1,21,12,21,4156.327080699296,NA,sc,unfenced,nf7b
nf7,702,0,6,1,7,23,23,37,24729.831970895455,NA,nf7,0,7,1,8,20,28,42,38792.38608652676,NA,sc,unfenced,nf7b
nf7,703,0,4,1,5,62,54,33,46186.12439675035,NA,nf7,0,3,0,3,35,35,25,17180.584824319183,NA,sc,unfenced,nf7b
nf7,704,0,3,0,3,36,36,24,16286.016316209487,NA,nf7,0,3,0,3,41,41,34,37224.73135238546,NA,sc,unfenced,nf7b
nf7,705,0,4,0,4,15,15,15,2650.718801466388,NA,nf7,0,3,0,3,24,24,18,6107.256118578558,NA,sc,unfenced,nf7b
nf7,706,0,2,0,2,25,25,8,1256.6370614359173,NA,nf7,0,2,0,2,23,23,16,4624.424386084175,NA,sc,unfenced,nf7b
nf7,707,0,2,1,3,47,47,29,31044.433204610938,NA,nf7,0,0,0,0,0,0,0,0,NA,sc,unfenced,nf7b
nf7,708,0,2,0,2,51,36,32,28952.917895483533,NA,nf7,0,2,0,2,48,45,33,38488.43699729195,NA,sc,unfenced,nf7b
nf7,709,0,2,0,2,30,30,15,5301.437602932776,NA,nf7,0,2,0,2,27,27,8,1357.1680263507906,NA,sc,unfenced,nf7b
nf7,710,0,4,0,4,21,21,25,10308.35089459151,NA,nf7,0,2,0,2,20,20,20,6283.185307179587,NA,sc,unfenced,nf7b
nf7,711,0,6,1,7,39,37,24,16738.405658326417,NA,nf7,0,3,0,3,40,40,24,18095.57368467721,NA,sc,unfenced,nf7b
nf7,712,0,2,1,3,33,33,29,21797.15522876938,NA,nf7,0,6,0,6,35,35,27,20039.43413908589,NA,sc,unfenced,nf7b
nf7,713,7,3,1,4,79,66,55,156804.74332230055,NA,nf7,57,4,1,5,79,55,73,230196.27470097513,NA,sc,unfenced,nf7b
nf7,714,0,2,1,3,49,36,30,25446.900494077323,NA,nf7,0,2,0,2,50,16,38,18145.839167134644,NA,sc,unfenced,nf7b
nf7,715,0,1,1,2,43,43,14,6619.335721113694,NA,nf7,0,3,0,3,54,50,28,30787.60800517997,NA,sc,unfenced,nf7b
nf7,716,0,2,0,2,53,53,29,35007.55233711446,NA,nf7,11,2,NA,2,78,78,45,124053.63990862695,NA,sc,unfenced,nf7b
nf7,717,0,1,0,1,21,21,16,4222.300526424682,NA,nf7,0,1,0,1,30,30,24,13571.680263507906,NA,sc,unfenced,nf7b
nf7,718,0,2,0,2,35,33,25,16198.83712007237,NA,nf7,0,3,0,3,56,49,37,52685.294198864234,NA,sc,unfenced,nf7b
nf7,719,1,7,1,8,72,58,60,163991.1365173872,NA,nf7,38,5,0,5,74,64,98,482749.693521222,NA,sc,unfenced,nf7b
nf7,720,0,3,0,3,37,23,37,24729.831970895455,NA,nf7,0,4,0,4,40,46,50,90320.78879070656,NA,sc,unfenced,nf7b
nf7,721,0,2,1,3,39,17,39,20308.04031096782,NA,nf7,0,2,0,2,43,34,45,54074.66354991431,NA,sc,unfenced,nf7b
nf7,722,8,5,1,6,74,74,72,301291.3018498755,NA,nf7,63,8,0,8,79,60,86,348528.28898925165,NA,sc,unfenced,nf7b
nf7,723,0,4,0,4,59,24,70,92362.82401553993,NA,nf7,0,5,0,5,40,30,51,61284.61868990289,NA,sc,unfenced,nf7b
nf7,724,0,1,0,1,15,15,7,577.2676500971245,NA,nf7,0,1,0,1,7,7,7,269.3915700453247,NA,sc,unfenced,nf7b
nf7,725,0,5,0,5,21,21,21,7273.572391223768,NA,nf7,0,4,0,4,30,30,24,13571.680263507906,NA,sc,unfenced,nf7b
nf7,726,0,7,0,7,24,24,28,14778.051842486386,NA,nf7,0,7,0,7,47,47,31,35474.078846172546,NA,sc,unfenced,nf7b
nf7,727,0,3,0,3,48,37,34,33593.05024483566,NA,nf7,10,4,0,4,79,74,56,182262.63939066543,NA,sc,unfenced,nf7b
nf7,728,0,1,0,1,31,13,24,5881.061447520093,NA,nf7,0,1,0,1,30,23,25,11290.09859883832,NA,sc,unfenced,nf7b
nf7,729,2,6,4,10,67,39,72,158788.6590830425,NA,nf7,0,10,0,10,49,53,70,203967.9030343173,NA,sc,unfenced,nf7b
nf7,730,0,4,0,4,18,18,10,1413.7166941154069,NA,nf7,0,3,0,3,26,26,13,3451.039529968388,NA,sc,unfenced,nf7b
nf7,731,0,3,0,3,33,33,11,3136.094866446011,NA,nf7,0,2,0,2,29,29,22,11023.848621446585,NA,sc,unfenced,nf7b
nf7,732,0,4,0,4,25,14,31,10566.74689034927,NA,nf7,0,3,0,3,16,14,19,3969.402317810703,NA,sc,unfenced,nf7b
nf7,733,3,3,0,3,33,33,13,4380.165557267569,NA,nf7,0,3,0,3,37,37,24,16738.405658326417,NA,sc,unfenced,nf7b
nf7,734,3,5,1,6,57,57,40,71628.3125018473,NA,nf7,0,5,0,5,36,36,33,30790.749597833565,NA,sc,unfenced,nf7b
nf7,735,0,3,0,3,37,37,21,12815.341832156164,NA,nf7,0,1,0,1,33,33,18,8397.477163045516,NA,sc,unfenced,nf7b
nf7,736,0,2,0,2,21,21,16,4222.300526424682,NA,nf7,0,1,0,1,29,23,24,10404.954868689394,NA,sc,unfenced,nf7b
nf7,737,0,3,1,4,62,54,37,58061.34462731976,NA,nf7,0,4,0,4,95,92,35,88514.37301489242,NA,sc,unfenced,nf7b
nf7,738,3,5,0,5,56,46,44,69944.41883952316,NA,nf7,12,4,0,4,92,80,39,95567.2485222015,NA,sc,unfenced,nf7b
nf7,739,0,6,1,7,53,51,23,21189.257050299755,NA,nf7,0,7,0,7,77,69,43,100201.88308440984,NA,sc,unfenced,nf7b
nf11,1,2,13,2,15,61,52,88,316270.4156221917,NA,nf11,20,13,0,13,97,60,92,398856.60329976014,NA,sc,fenced,nf11a
nf11,2,0,1,0,1,12,7,6,197.92033717615698,NA,nf11,0,1,0,1,12,12,11,1140.398133253095,NA,sc,fenced,nf11a
nf11,3,0,5,0,5,31,31,19,8789.390846580844,NA,nf11,0,3,0,3,36,36,28,22167.07776372958,NA,sc,fenced,nf11a
nf11,4,0,6,0,6,106,48,126,598511.0996206987,NA,nf11,14,3,1,4,85,57,71,225673.95207613258,NA,sc,fenced,nf11a
nf11,5,0,3,0,3,54,17,54,38933.757755938306,NA,nf11,0,1,0,1,27,27,16,5428.672105403162,NA,sc,fenced,nf11a
nf11,6,0,6,1,7,68,62,48,112192.55684499869,NA,nf11,0,4,0,4,48,75,83,405795.5960733766,NA,sc,fenced,nf11a
nf11,7,0,1,1,2,24,26,20,8168.140899333463,NA,nf11,0,2,0,2,43,43,37,46234.03368471759,NA,sc,fenced,nf11a
nf11,8,0,6,0,6,55,55,42,76199.32981282043,NA,nf11,0,2,0,2,64,64,40,80424.77193189871,NA,sc,fenced,nf11a
nf11,9,0,3,0,3,41,38,18,9669.822187749383,NA,nf11,0,4,0,4,73,70,32,56297.34035232909,NA,sc,fenced,nf11a
nf11,10,0,2,0,2,55,49,37,52685.294198864234,NA,nf11,7,1,0,1,84,53,60,149853.96957623312,NA,sc,fenced,nf11a
nf11,11,0,0,1,1,5,6,4,75.39822368615503,NA,nf11,0,1,0,1,63,19,39,22697.221524022854,NA,sc,fenced,nf11a
nf11,12,0,2,1,3,70,54,54,123671.93640121579,NA,nf11,0,5,0,5,91,71,78,339263.73225381534,NA,sc,fenced,nf11a
nf11,13,0,4,0,4,41,41,32,32974.156492078466,NA,nf11,4,3,0,3,85,58,56,142854.50114403505,NA,sc,fenced,nf11a
nf11,14,22,5,1,6,91,77,50,151189.1464540088,NA,nf11,0,4,0,4,103,87,64,279878.20632300747,NA,sc,fenced,nf11a
nf11,15,0,6,1,7,48,49,52,104062.11505750832,NA,nf11,0,2,2,4,49,39,40,49008.845396000776,NA,sc,fenced,nf11a
nf11,16,0,1,0,1,49,52,9,3308.097064230052,NA,nf11,0,1,1,2,67,46,52,97690.965156028207,NA,sc,fenced,nf11a
nf11,17,0,2,0,2,68,62,23,25759.488963109507,NA,nf11,1,2,0,2,77,74,30,52307.51768227005,NA,sc,fenced,nf11a
nf11,18,2,9,1,10,64,52,71,205877.9913676999,NA,nf11,0,4,0,4,81,55,75,242982.5568010856,NA,sc,fenced,nf11a
nf11,19,0,2,0,2,43,43,37,46234.03368471759,NA,nf11,0,2,0,2,35,35,37,37632.35299918873,NA,sc,fenced,nf11a
nf11,20,0,3,0,3,30,30,18,7634.070148223197,NA,nf11,0,2,2,4,82,82,42,113606.27353911409,NA,sc,fenced,nf11a
nf11,21,0,2,0,2,24,24,16,4825.486315913922,NA,nf11,0,3,0,3,32,32,20,10053.096491487338,NA,sc,fenced,nf11a
nf11,22,0,2,0,2,43,43,21,14893.505372505811,NA,nf11,0,1,0,1,27,27,16,5428.672105403162,NA,sc,fenced,nf11a
nf11,23,0,5,0,5,54,54,26,28670.17455666045,NA,nf11,0,3,0,3,85,79,35,76006.90726278805,NA,sc,fenced,nf11a
nf11,24,0,1,1,2,11,9,9,572.5552611167398,NA,nf11,0,1,0,1,7,16,16,3216.990877275948,NA,sc,fenced,nf11a
nf11,25,0,0,2,2,5,6,4,75.39822368615503,NA,nf11,0,0,0,0,0,0,0,0,NA,sc,fenced,nf11a
nf11,26,0,8,0,8,96,93,65,308602.57335294236,NA,nf11,28,6,0,6,125,103,116,1088536.7217276345,NA,sc,fenced,nf11a
nf11,27,0,2,1,3,37,36,15,6361.725123519331,NA,nf11,0,2,0,2,42,42,25,20616.70178918302,NA,sc,fenced,nf11a
nf11,28,0,2,1,3,57,31,24,14024.069605624836,NA,nf11,0,2,0,2,41,36,20,11309.733552923255,NA,sc,fenced,nf11a
nf11,29,0,1,2,3,18,18,12,2035.7520395261859,NA,nf11,0,3,0,3,34,34,23,14126.171366866503,NA,sc,fenced,nf11a
nf11,30,0,2,0,2,47,45,28,27708.84720466197,NA,nf11,0,2,0,2,56,53,50,104065.2566501619,NA,sc,fenced,nf11a
nf11,31,0,10,4,14,41,41,33,35067.24259753267,NA,nf11,1,9,0,9,65,52,59,142166.4923528989,NA,sc,fenced,nf11a
nf11,32,0,14,1,15,42,42,50,82466.80715673207,NA,nf11,0,3,0,3,62,56,36,57001.057106733206,NA,sc,fenced,nf11a
nf11,33,0,3,0,3,27,27,26,14335.087278330226,NA,nf11,0,1,2,3,50,48,29,31704.953060028194,NA,sc,fenced,nf11a
nf11,34,0,3,0,3,20,18,20,5654.8667764616275,NA,nf11,0,2,1,3,45,45,27,25764.98675025329,NA,sc,fenced,nf11a
nf11,35,0,8,0,8,71,54,81,278261.85690273554,NA,nf11,42,4,2,6,117,56,99,431070.4943696699,NA,sc,fenced,nf11a
nf11,36,0,8,0,8,45,41,79,200968.4674483025,NA,nf11,0,4,0,4,82,66,99,508047.3683642538,NA,sc,fenced,nf11a
nf11,37,0,2,1,3,51,17,54,38933.757755938306,NA,nf11,0,2,0,2,48,48,26,25484.599605920404,NA,sc,fenced,nf11a
nf11,38,0,3,1,4,33,32,25,15707.963267948966,NA,nf11,0,2,0,2,68,43,68,156162.28762464144,NA,sc,fenced,nf11a
nf11,39,0,5,0,5,30,29,29,19155.075807100366,NA,nf11,0,4,0,4,45,40,43,58088.048164875276,NA,sc,fenced,nf11a
nf11,40,0,1,0,1,26,26,11,2470.8626220483725,NA,nf11,0,1,0,1,25,25,11,2375.8294442772813,NA,sc,fenced,nf11a
nf11,41,0,3,0,3,78,72,34,65370.259935896414,NA,nf11,0,0,0,0,0,0,0,0,NA,sc,fenced,nf11a
nf11,42,0,1,0,1,13,13,4,163.36281798666926,NA,nf11,0,0,0,0,0,0,0,0,NA,sc,fenced,nf11a
nf11,43,0,2,0,2,24,23,19,6521.160950689013,NA,nf11,0,2,0,2,32,22,17,4993.561522880977,NA,sc,fenced,nf11a
nf11,44,0,6,0,6,52,48,44,72985.48052819808,NA,nf11,0,5,0,5,68,40,78,191134.497044403,NA,sc,fenced,nf11a
nf11,45,0,3,0,3,29,29,22,11023.848621446585,NA,nf11,0,1,0,1,60,54,29,35668.07219253172,NA,sc,fenced,nf11a
nf11,46,0,2,0,2,30,28,14,4310.265120725196,NA,nf11,0,2,1,3,31,30,19,8505.862109594364,NA,sc,fenced,nf11a
nf11,47,0,2,0,2,36,36,24,16286.016316209487,NA,nf11,0,3,0,3,65,58,35,55802.5395093887,NA,sc,fenced,nf11a
nf11,48,0,2,0,2,38,35,15,6185.010536754905,NA,nf11,0,2,0,2,77,49,49,92401.3085255464,NA,sc,fenced,nf11a
nf11,49,6,7,1,8,124,62,85,351819.10729388695,NA,nf11,0,4,2,6,98,79,59,215983.70953613488,NA,sc,fenced,nf11a
nf11,50,0,3,1,4,47,47,36,47840.172928865366,NA,nf11,0,5,1,6,72,52,53,114721.53893113848,NA,sc,fenced,nf11a
nf11,51,0,3,2,5,41,40,22,15205.308443374599,NA,nf11,NA,NA,NA,NA,NA,NA,NA,NA,NA,sc,fenced,nf11a
nf11,52,0,4,0,4,36,31,27,17749.21309461893,NA,nf11,0,2,0,2,41,41,26,21768.095496723676,NA,sc,fenced,nf11a
nf11,53,0,10,0,10,71,52,47,90217.11623313809,NA,nf11,0,4,0,4,70,58,43,84227.66983906915,NA,sc,fenced,nf11a
nf11,54,0,7,2,9,45,41,36,41732.91681028681,NA,nf11,0,5,1,6,60,56,42,77584.77217305353,NA,sc,fenced,nf11a
nf11,55,0,4,1,5,58,58,44,88190.78897157268,NA,nf11,0,4,0,4,92,59,4,741.4158662471912,NA,sc,fenced,nf11a
nf11,56,0,1,0,1,13,10,7,384.84510006474966,NA,nf11,0,0,0,0,0,0,0,0,NA,sc,fenced,nf11a
nf11,57,0,2,0,2,29,27,26,14335.087278330226,NA,nf11,0,1,0,1,32,32,17,7263.362215099602,NA,sc,fenced,nf11a
nf11,58,0,3,0,3,35,31,33,26514.256598134456,NA,nf11,0,2,0,2,53,32,33,27369.55519807428,NA,sc,fenced,nf11a
nf11,59,0,6,1,7,30,30,27,17176.65783350219,NA,nf11,0,4,1,5,48,48,31,36228.8464811975,NA,sc,fenced,nf11a
nf11,60,0,3,1,4,24,22,22,8362.91964385603,NA,nf11,0,3,0,3,42,35,31,26416.867225873175,NA,sc,fenced,nf11a
nf11,61,0,5,2,7,47,47,31,35474.078846172546,NA,nf11,0,4,0,4,67,67,63,208855.43580513963,NA,sc,fenced,nf11a
nf11,62,11,5,1,6,88,74,89,460364.2750680679,NA,nf11,8,5,1,6,113,57,99,438768.18176912825,NA,sc,fenced,nf11a
nf11,63,0,2,1,3,62,62,26,32917.607824313855,NA,nf11,1,2,1,3,77,65,32,52276.101755734155,NA,sc,fenced,nf11a
nf11,64,0,2,1,3,35,35,28,21551.32560362598,NA,nf11,0,1,1,2,56,56,20,17592.918860102844,NA,sc,fenced,nf11a
nf11,65,0,2,1,3,28,27,17,6128.461868990289,NA,nf11,0,3,0,3,40,37,26,19644.378862896978,NA,sc,fenced,nf11a
nf11,66,0,2,1,3,28,28,7,1077.566280181299,NA,nf11,0,2,0,2,34,34,21,11776.260061981338,NA,sc,fenced,nf11a
nf11,67,2,11,0,11,88,69,128,887889.4821281617,NA,nf11,175,8,0,8,123,69,132,944249.6543335626,NA,sc,fenced,nf11a
nf11,68,0,5,0,5,42,42,58,110967.33571009868,NA,nf11,0,2,0,2,69,62,52,131670.43129725542,NA,sc,fenced,nf11a
nf11,69,0,0,1,1,10,9,9,572.5552611167398,NA,nf11,0,0,0,0,0,0,0,0,NA,sc,fenced,nf11a
nf11,70,0,4,1,5,37,31,30,21912.608758788807,NA,nf11,0,5,0,5,55,54,39,64507.89275248601,NA,sc,fenced,nf11a
nf11,71,0,4,2,6,23,21,21,7273.572391223768,NA,nf11,0,6,0,6,68,60,46,99714.15082494004,NA,sc,fenced,nf11a
nf11,72,0,9,2,11,52,49,48,88668.31105491832,NA,nf11,13,11,0,11,81,72,73,301347.8505176402,NA,sc,fenced,nf11a
nf11,73,0,1,0,1,14,14,9,890.6415172927063,NA,nf11,0,1,0,1,26,26,15,4594.579255875073,NA,sc,fenced,nf11a
nf11,74,0,12,2,14,82,46,74,197838.65576716364,NA,nf11,0,10,0,10,85,85,75,375518.496874405,NA,sc,fenced,nf11a
nf11,75,0,2,0,2,25,21,17,4766.581453659113,NA,nf11,0,1,0,1,38,38,12,4297.698750110837,NA,sc,fenced,nf11a
nf11,76,0,2,0,2,24,22,11,2090.7299109640076,NA,nf11,0,0,0,0,0,0,0,0,NA,sc,fenced,nf11a
nf11,77,0,2,1,3,49,42,31,31700.24067104781,NA,nf11,0,1,2,3,30.5,30.5,18,7761.304650693583,NA,sc,fenced,nf11a
nf11,78,0,5,0,5,59,52,56,128076.44930154868,NA,nf11,0,5,0,5,84,70,72,285005.285533666,NA,sc,fenced,nf11a
nf11,79,0,7,1,8,76,76,56,187188.65667149422,NA,nf11,2,6,0,6,89,81,66,277116.74638050207,NA,sc,fenced,nf11a
nf11,80,4,2,0,2,87,70,58,184945.55951683113,NA,nf11,0,2,0,2,95,95,78,453944.43048045714,NA,sc,fenced,nf11a
nf11,81,0,2,0,2,33,32,22,12164.24675469968,NA,nf11,0,2,0,2,44,27,44,41054.33279711142,NA,sc,fenced,nf11a
nf11,82,0,2,0,2,52,49,25,24052.818754046853,NA,nf11,0,2,2,4,57,57,28,35097.873125905164,NA,sc,fenced,nf11a
nf11,83,0,1,0,1,23,13,18,3308.097064230052,NA,nf11,0,2,0,2,24,14,26,7433.008218393451,NA,sc,fenced,nf11a
NA,355,NA,NA,NA,NA,NA,NA,NA,NA,NA,nf11,12,4,0,4,79,52,59,142166.4923528989,NA,sc,fenced,nf11a
NA,356,NA,NA,NA,NA,NA,NA,NA,NA,NA,nf11,0,3,1,4,64,55,32,44233.62456254429,NA,sc,fenced,nf11a
NA,359,NA,NA,NA,NA,NA,NA,NA,NA,NA,nf11,51,2,2,4,109,59,105,510881.8703359552,NA,sc,fenced,nf11a
NA,360,NA,NA,NA,NA,NA,NA,NA,NA,NA,nf11,0,2,0,2,24,24,19,6804.689687675491,NA,sc,fenced,nf11a
NA,361,NA,NA,NA,NA,NA,NA,NA,NA,NA,nf11,0,4,0,4,39,39,29,25760.274361272906,NA,sc,fenced,nf11a
NA,362,NA,NA,NA,NA,NA,NA,NA,NA,NA,nf11,0,1,0,1,42,39,12,4410.79608564007,NA,sc,fenced,nf11a
nf11,101,0,3,2,5,32,24,33,20527.16639855571,NA,nf11,0,2,0,2,39,35,23,14541.646995303754,NA,sc,unfenced,nf11b
nf11,102,0,9,3,12,72,54,53,119133.90581310535,NA,nf11,0,7,1,8,80,52,64,167283.52561834932,NA,sc,unfenced,nf11b
nf11,103,0,1,1,2,50,41,20,12880.529879718153,NA,nf11,0,3,0,3,49,37,48,66953.62263330567,NA,sc,unfenced,nf11b
nf11,104,0,10,1,11,54,44,77,204891.5312744727,NA,nf11,0,5,1,6,42,38,55,90281.5188825367,NA,sc,unfenced,nf11b
nf11,105,0,7,0,7,35,25,51,51070.515574919074,NA,nf11,0,3,1,4,32,32,20,10053.096491487338,NA,sc,unfenced,nf11b
nf11,106,0,1,1,2,60,36,37,38707.56308487985,NA,nf11,0,3,0,3,39,21,37,22579.411799513244,NA,sc,unfenced,nf11b
nf11,107,0,4,0,4,61,61,21,21127.995993554756,NA,nf11,11,3,1,4,86,64,54,146574.14684588538,NA,sc,unfenced,nf11b
nf11,108,0,7,2,9,31,26,21,9005.375341515142,NA,nf11,0,6,0,6,45,41,37,44083.613513335375,NA,sc,unfenced,nf11b
nf11,109,0,4,0,4,46,46,38,52169.2876055121,NA,nf11,3,3,0,3,79,66,3,466.5265090580843,NA,sc,unfenced,nf11b
nf11,110,0,10,0,10,55,55,40,69115.03837897546,NA,nf11,0,9,0,9,62,61,60,172473.43668207963,NA,sc,unfenced,nf11b
nf11,111,0,2,0,2,24,24,17,5447.521661324701,NA,nf11,0,3,0,3,45,45,30,31808.625617596656,NA,sc,unfenced,nf11b
nf11,112,0,3,0,3,50,39,34,35408.890798610555,NA,nf11,0,2,0,2,50,32,36,32572.032632418974,NA,sc,unfenced,nf11b
nf11,113,0,2,0,2,37,37,25,18162.332528565992,NA,nf11,0,3,0,3,64,54,40,67858.40131753954,NA,sc,unfenced,nf11b
nf11,114,0,3,1,4,32,30,25,14726.215563702155,NA,nf11,0,4,0,4,36,28,34,25421.767752848606,NA,sc,unfenced,nf11b
nf11,115,0,2,0,2,22,13,20,4084.0704496667313,NA,nf11,0,1,0,1,15,11,9,699.7897635871263,NA,sc,unfenced,nf11b
nf11,116,0,6,0,6,46,38,44,57780.172084823476,NA,nf11,0,7,1,8,36,36,27,20611.98940020263,NA,sc,unfenced,nf11b
nf11,117,0,2,0,2,39,39,20,12252.211349000194,NA,nf11,0,1,2,3,34,34,23,14126.171366866503,NA,sc,unfenced,nf11b
nf11,118,0,7,0,7,66,63,58,166451.003565148,NA,nf11,0,0,4,4,21,21,18,5343.849103756238,NA,sc,unfenced,nf11b
nf11,119,0,3,0,3,76,75,76,340234.4843837746,NA,nf11,0,0,2,2,18,18,11,1710.5971998796424,NA,sc,unfenced,nf11b
nf11,120,0,5,0,5,56,47,83,254298.573539316,NA,nf11,0,1,1,2,59,21,73,87893.12306764505,NA,sc,unfenced,nf11b
nf11,121,0,5,0,5,56,48,46,79771.32065995202,NA,nf11,0,1,0,1,21,21,15,3711.0063220529432,NA,sc,unfenced,nf11b
nf11,122,0,4,1,5,20,20,27,11451.105222334794,NA,nf11,0,2,1,3,25,22,16,4423.362456254428,NA,sc,unfenced,nf11b
nf11,123,0,4,0,4,56,56,52,118928.13149429522,NA,nf11,17,2,1,3,70,61,41,80535.51307293774,NA,sc,unfenced,nf11b
nf11,124,0,3,0,3,52,47,33,40199.0341971716,NA,nf11,0,1,1,2,44,33,35,31749.72075534185,NA,sc,unfenced,nf11b
nf11,125,31,1,1,2,67,26,59,71083.24617644945,NA,nf11,0,1,0,1,63,28,49,52800.74772888365,NA,sc,unfenced,nf11b
nf11,126,0,4,0,4,57,57,30,40290.925782289094,NA,nf11,0,0,3,3,15,15,13,1990.9843442125314,NA,sc,unfenced,nf11b
nf11,127,7,3,0,3,77,49,63,152745.02021569913,NA,nf11,0,0,4,4,17,17,25,8344.855486097887,NA,sc,unfenced,nf11b
nf11,128,0,2,0,2,35,13,28,8004.7780813467925,NA,nf11,0,0,0,0,0,0,0,0,NA,sc,unfenced,nf11b
nf11,129,0,5,1,6,88,88,73,368314.0395215602,NA,nf11,0,5,2,7,72,39,70,150089.58902525235,NA,sc,unfenced,nf11b
nf11,130,0,1,1,2,43,31,49,58457.970699835474,NA,nf11,0,1,1,2,55,30,30,21205.750411731104,NA,sc,unfenced,nf11b
nf11,131,0,5,0,5,53,30,38,34023.448438377454,NA,nf11,5,1,2,3,71,53,62,160010.73862528894,NA,sc,unfenced,nf11b
nf11,132,0,1,1,2,31,17,23,7063.085683433252,NA,nf11,0,0,0,0,0,0,0,0,NA,sc,unfenced,nf11b
nf11,133,0,1,2,3,24,24,32,19301.94526365569,NA,nf11,0,0,0,0,0,0,0,0,NA,sc,unfenced,nf11b
nf11,134,0,1,0,1,45,45,29,29723.39349377643,NA,nf11,0,2,1,3,36,31,33,26514.256598134456,NA,sc,unfenced,nf11b
nf11,135,0,1,0,1,52,25,35,24052.818754046853,NA,nf11,0,0,2,2,8,8,10,628.3185307179587,NA,sc,unfenced,nf11b
nf11,136,7,1,0,1,99,37,104,314310.06180635164,NA,nf11,0,0,1,1,18,18,11,1710.5971998796424,NA,sc,unfenced,nf11b
nf11,137,0,1,0,1,16,11,17,2496.7807614404883,NA,nf11,0,1,0,1,29,23,14,3540.5749205956968,NA,sc,unfenced,nf11b
nf11,138,52,2,1,3,136,50,168,1108353.888186479,NA,nf11,5,1,1,2,90,51,61,149045.79486609716,NA,sc,unfenced,nf11b
nf11,139,0,5,2,7,53,44,47,76337.55988957839,NA,nf11,0,10,0,10,89,58,102,473934.38453524903,NA,sc,unfenced,nf11b
nf11,140,4,4,1,5,70,70,66,239483.60798314994,NA,nf11,9,6,0,6,101,64,94,444145.8029939106,NA,sc,unfenced,nf11b
nf11,141,0,3,4,7,63,43,55,102160.6661039231,NA,nf11,0,5,0,5,83,83,67,292629.1455057651,NA,sc,unfenced,nf11b
nf11,142,0,1,0,1,52,17,47,29494.057230064376,NA,nf11,0,4,0,4,84,46,77,214204.78269603965,NA,sc,unfenced,nf11b
nf11,143,0,2,2,4,64,36,51,73541.54242788347,NA,nf11,0,3,0,3,73,73,54,167186.13624608802,NA,sc,unfenced,nf11b
nf11,144,36,4,0,4,124,65,149,1133380.6006631386,NA,nf11,46,1,3,4,106,43,75,189968.18077175782,NA,sc,unfenced,nf11b
nf11,145,0,4,0,4,31,31,32,24931.679298888597,NA,nf11,0,1,1,2,32,13,34,11802.963599536852,NA,sc,unfenced,nf11b
nf11,146,0,2,0,2,45,31,22,11784.114043615315,NA,nf11,0,2,0,2,51,36,33,30790.749597833565,NA,sc,unfenced,nf11b
nf11,147,0,5,1,6,66,66,62,199258.65564658624,NA,nf11,0,1,4,5,50,50,29,33025.9927708627,NA,sc,unfenced,nf11b
nf11,148,0,3,1,4,53,53,66,181323.3031872421,NA,nf11,0,3,0,3,88,74,54,169476.35729055497,NA,sc,unfenced,nf11b
nf11,149,0,4,0,4,14,14,24,6333.450789637023,NA,nf11,0,3,0,3,15,15,24,6785.840131753953,NA,sc,unfenced,nf11b
nf11,150,7,2,0,2,82,66,55,156804.74332230055,2 flowers have been pollinated,nf11,0,3,0,3,79,43,80,216141.57456697777,NA,sc,unfenced,nf11b
nf11,151,0,2,0,2,74,72,23,29914.24524748201,NA,nf11,0,3,1,4,54,50,53,110309.17204917161,NA,sc,unfenced,nf11b
nf11,152,0,1,1,2,32,32,10,2513.2741228718346,NA,nf11,0,1,0,1,57,57,25,27979.809571034097,NA,sc,unfenced,nf11b
nf11,153,0,4,0,4,24,24,18,6107.256118578558,NA,nf11,0,2,0,2,42,36,24,16286.016316209487,NA,sc,unfenced,nf11b
nf11,154,0,2,2,4,32,27,23,11217.841967805753,NA,nf11,0,2,0,2,49,49,30,34636.05900582747,NA,sc,unfenced,nf11b
nf11,155,8,3,1,4,74,55,69,205660.4360764388,NA,nf11,1,4,0,4,76,56,58,147956.4476134649,NA,sc,unfenced,nf11b
nf11,156,0,7,0,7,57,57,39,68091.66457206856,NA,nf11,0,2,0,2,60,39,54,89318.6207342114,NA,sc,unfenced,nf11b
nf11,157,6,7,1,8,78,69,68,250585.99642093625,NA,nf11,2,3,3,6,92,67,115,695921.677632394,NA,sc,unfenced,nf11b
nf11,158,0,6,3,9,65,60,57,153105.51797269858,NA,nf11,0,1,0,1,70,19,70,73120.56901230244,NA,sc,unfenced,nf11b
nf11,159,6,3,1,4,111,69,111,667705.4632141772,NA,nf11,42,3,2,5,106,62,86,360145.89862222667,NA,sc,unfenced,nf11b
nf11,160,0,4,2,6,64,61,75,269489.74481574947,NA,nf11,0,4,2,6,80,80,42,110835.3888186479,NA,sc,unfenced,nf11b
nf11,161,37,2,2,4,132,76,116,803192.1441873809,2 already pollinated,nf11,0,4,0,4,110,110,54,251924.3148913655,NA,sc,unfenced,nf11b
nf11,162,0,2,1,3,36,34,26,18051.59138752695,NA,nf11,0,3,0,3,47,37,28,22782.82992383318,NA,sc,unfenced,nf11b
nf11,163,0,1,1,2,30,29,18,7379.601143282423,NA,nf11,0,2,0,2,38,38,17,8625.242630430777,NA,sc,unfenced,nf11b
nf11,164,0,3,1,4,60,60,19,17011.724219188727,NA,nf11,0,3,0,3,75,61,62,184163.30294608726,NA,sc,unfenced,nf11b
nf11,165,0,3,1,4,41,26,32,20910.440702293665,NA,nf11,0,2,0,2,52,52,44,79067.60390554792,NA,sc,unfenced,nf11b
nf11,166,0,5,1,6,62,55,43,79871.0662267035,NA,nf11,0,7,1,8,86,54,87,321012.6497327854,NA,sc,unfenced,nf11b
nf11,167,0,3,0,3,70,57,63,177682.98269989493,NA,nf11,35,3,1,4,92,57.5,75,254027.2184738622,NA,sc,unfenced,nf11b
nf11,168,0,2,0,2,14,14,8,703.7167544041137,NA,nf11,0,3,0,3,36,36,21,12468.981242097889,NA,sc,unfenced,nf11b
nf11,169,0,5,0,5,32,28,39,33448.53698277052,NA,nf11,0,4,0,4,45,45,42,62344.90621048944,NA,sc,unfenced,nf11b
nf11,170,0,2,1,3,15,25,7,962.112750161874,NA,nf11,0,3,0,3,37,37,27,21184.54466131937,NA,sc,unfenced,nf11b
nf11,171,0,4,0,4,65,54,70,207816.3540349648,NA,nf11,0,5,0,5,86,28,85,158886.04845530377,NA,sc,unfenced,nf11b
nf11,172,0,4,0,4,56,39,52,82824.9487192413,NA,nf11,0,5,3,8,61,32,58,84546.54149340851,NA,sc,unfenced,nf11b
nf11,173,0,2,1,3,63,45,40,56548.66776461628,NA,nf11,0,3,0,3,70,54,60,152681.40296446395,NA,sc,unfenced,nf11b
nf11,174,0,1,0,1,63,32,51,65370.259935896414,NA,nf11,0,1,0,1,54,30,54,68706.63133400877,NA,sc,unfenced,nf11b
nf11,175,0,1,0,1,39,32,34,29053.448860398406,NA,nf11,0,2,0,2,41,32,35,30787.608005179973,NA,sc,unfenced,nf11b
nf11,176,0,1,0,1,26,12,27,6870.663133400877,NA,nf11,0,1,0,1,33,33,14,5079.955320854695,NA,sc,unfenced,nf11b
nf11,177,0,5,0,5,49,42,43,60992.45057311904,NA,nf11,0,4,1,5,40,40,31,30190.70540099791,NA,sc,unfenced,nf11b
NA,346,NA,NA,NA,NA,NA,NA,NA,NA,NA,nf11,0,1,1,2,19,19,13.5,2719.637490304514,NA,sc,unfenced,nf11b
NA,348,NA,NA,NA,NA,NA,NA,NA,NA,NA,nf11,0,1,1,2,21,19,16,3820.176666765188,NA,sc,unfenced,nf11b
NA,349,NA,NA,NA,NA,NA,NA,NA,NA,NA,nf11,0,2,1,3,55,47,34,42672.25301371016,NA,sc,unfenced,nf11b
NA,350,NA,NA,NA,NA,NA,NA,NA,NA,NA,nf11,0,1,1,2,19,13,20,4084.0704496667313,NA,sc,unfenced,nf11b
NA,351,NA,NA,NA,NA,NA,NA,NA,NA,NA,nf11,0,0,1,1,5,5,1,3.9269908169872414,NA,sc,unfenced,nf11b
NA,352,NA,NA,NA,NA,NA,NA,NA,NA,NA,nf11,0,2,0,2,32,32,15,5654.8667764616275,NA,sc,unfenced,nf11b
NA,353,NA,NA,NA,NA,NA,NA,NA,NA,NA,nf11,0,1,1,2,68,33,68,119845.47654914342,NA,sc,unfenced,nf11b
NA,354,NA,NA,NA,NA,NA,NA,NA,NA,NA,nf11,0,4,0,4,35,35,34,31777.209691060758,NA,sc,unfenced,nf11b
nn,850,0,1,1,2,20,13,17,2950.740899884213,NA,nn,0,2,0,2,44,35.5,22,13494.711243494958,NA,fl,fenced,nna
nn,851,0,2,0,2,39,32,40,40212.385965949354,NA,nn,0,1,1,2,42.5,38,22,14445.043021205869,NA,fl,fenced,nna
nn,852,0,2,0,2,53,45,44,68423.8879951857,NA,nn,0,4,1,5,43,31,48,56096.278422499345,NA,fl,fenced,nna
nn,853,0,4,0,4,44,38,43,55183.64575663151,NA,nn,0,5,3,8,30,29.5,42,40870.54962687641,NA,fl,fenced,nna
nn,854,0,2,1,3,26,15,32,12063.715789784805,NA,nn,0,2,1,3,28.5,14,29,9247.277975841556,NA,fl,fenced,nna
nn,855,0,4,2,6,49,37,35,35598.171755989344,NA,nn,0,3,2,5,25,24.5,22,9313.251421566942,NA,fl,fenced,nna
nn,856,0,4,3,7,59,52,69,194442.59410863306,NA,nn,0,7,2,9,52,50,72,203575.20395261858,NA,fl,fenced,nna
nn,857,0,2,0,2,30,30,15,5301.437602932776,NA,nn,0,3,2,5,48,48.5,30,34282.62983229862,NA,fl,fenced,nna
nn,858,0,2,1,3,14,18,16,3619.1147369354417,NA,nn,0,4,0,4,26,21.5,24,9726.370855514,NA,fl,fenced,nna
nn,859,0,5,2,7,57,32,55,76026.542216873,NA,nn,0,6,0,6,66,44,67,155128.7036416104,NA,fl,fenced,nna
nn,860,0,1,1,2,45,42,8,2111.150263212341,NA,nn,0,3,1,4,50,39,30,27567.475535250433,NA,fl,fenced,nna
nn,861,0,1,1,2,33,32,20,10053.096491487338,NA,nn,0,1,2,3,16,16,17,3631.681107549801,NA,fl,fenced,nna
nn,862,0,1,0,1,38,31,21,10737.178291806515,NA,nn,0,1,1,2,17,17,13,2256.448923440869,NA,fl,fenced,nna
nn,863,0,3,1,4,48,39,45,62026.819954313476,NA,nn,0,3,0,3,67,40,68,145267.24430199203,NA,fl,fenced,nna
nn,864,0,4,0,4,46,41,50,80503.31174823846,NA,nn,0,3,1,4,53,29.5,52,62649.640697887655,NA,fl,fenced,nna
nn,865,0,2,2,4,22,22,18,5598.318108697011,NA,nn,0,4,1,5,29,30,15,5301.437602932776,NA,fl,fenced,nna
nn,866,0,4,3,7,28,26,32,20910.440702293665,NA,nn,0,5,1,6,33,26,24,11762.122895040186,NA,fl,fenced,nna
nn,867,2,5,1,6,54,35,63,109103.58586835653,NA,nn,0,6,0,6,39.5,35.5,54,81302.84707857705,NA,fl,fenced,nna
nn,868,0,8,0,8,53,43,63,134041.54835255232,NA,nn,0,9,1,10,49,38,61,111053.72950807239,NA,fl,fenced,nna
nn,869,0,1,1,2,23,22,12,2488.1413816431163,NA,nn,0,1,1,2,24.5,24.5,8,1231.5043202071988,NA,fl,fenced,nna
nn,870,0,2,0,2,46,42,38,47632.827813728436,NA,nn,0,3,1,4,56.5,55,46,91404.63825619503,NA,fl,fenced,nna
nn,871,0,5,1,6,57,42,73,175786.2461352901,NA,nn,0,7,3,10,66,45,63,140276.03897360124,NA,fl,fenced,nna
nn,872,0,3,0,3,22,22,11,2090.7299109640076,NA,nn,0,3,1,4,27,27,21,9351.735931573416,NA,fl,fenced,nna
nn,873,0,2,0,2,15,15,11,1425.4976665663687,NA,nn,0,2,1,3,24,24,15,4241.150082346221,NA,fl,fenced,nna
NA,178,NA,NA,NA,NA,NA,NA,NA,NA,NA,nn,0,2,2,4,34,34,20,10681.415022205298,NA,fl,fenced,nna
nn,315,0,4,0,4,9,9,13,1194.590606527519,NA,nn,0,1,0,1,19.2,9,16.9,2018.8581250315065,NA,fl,unfenced,nnb
nn,316,0,4,5,9,42,30,37,32256.3025707332,NA,nn,0,6,0,6,53,26.6,57,67876.77963456303,NA,fl,unfenced,nnb
nn,317,0,13,6,19,65,51,64,164066.53474107335,NA,nn,0,2,0,2,40.5,27,38,30621.103594539713,NA,fl,unfenced,nnb
nn,318,0,2,2,4,17,17,24,7690.618815987814,NA,nn,0,3,0,3,54.5,47,26,24953.670447463726,NA,fl,unfenced,nnb
nn,319,12,11,3,14,67,36,64,115811.67158193413,3 fruit,nn,10,8,2,10,54,40,83,216424.31790580085,NA,fl,unfenced,nnb
nn,320,7,17,7,24,69,46,58,121535.65339677474,NA,nn,20,12,2,14,107,66,132,903195.3215364512,NA,fl,unfenced,nnb
nn,321,0,4,1,5,33,33,16,6635.043684381643,NA,nn,0,6,1,7,57,52,38,58973.97729318759,NA,fl,unfenced,nnb
nn,322,1,5,2,7,46,29,47,50313.39174540394,1 pollinated flower,nn,0,6,3,9,79,67,63,208855.43580513963,NA,fl,unfenced,nnb
nn,323,0,1,1,2,22,20,23,8309.512568745002,NA,nn,0,0,0,0,0,0,0,0,NA,fl,unfenced,nnb
nn,324,0,2,1,3,20,13,21,4502.687670757571,NA,nn,NA,NA,NA,NA,NA,NA,NA,NA,NA,fl,unfenced,nnb
nn,325,0,3,4,7,31,23,36,23411.148454551138,NA,nn,0,7,0,7,58,54,57,137794.9661754287,NA,fl,unfenced,nnb
nn,326,2,12,2,14,74,40,75,176714.58676442588,2 unpollinated flowers,nn,0,3,2,5,52,40,49,75429.63961269094,NA,fl,unfenced,nnb
nn,327,0,1,1,2,17,14,19,3969.402317810703,NA,nn,0,0,0,0,0,0,0,0,NA,fl,unfenced,nnb
nn,328,0,4,1,5,54,38,42,52646.80968885775,NA,nn,0,4,0,4,42,40,44,60821.233773498396,NA,fl,unfenced,nnb
nn,329,0,6,2,8,40,40,30,28274.333882308136,NA,nn,0,5,0,5,68,52,73,217640.11426274013,NA,fl,unfenced,nnb
nn,330,0,1,1,2,32,18,11,1710.5971998796424,NA,nn,0,1,2,3,31,11,36,11196.636217394022,NA,fl,unfenced,nnb
nn,331,0,3,3,6,17,17,20,5340.707511102649,NA,nn,0,6,2,8,39,37,28,22782.82992383318,NA,fl,unfenced,nnb
nn,332,0,3,9,12,30,30,22,11403.98133253095,NA,nn,2,3,2,5,51.2,30,58.5,80634.86594060752,NA,fl,unfenced,nnb
nn,333,0,2,2,4,34,23,32,18497.6975443367,NA,nn,0,2,0,2,51,38,35,36560.28450615122,NA,fl,unfenced,nnb
nn,334,2,2,1,3,53,39,46,64814.19803621102,2 flowers that have been pollinated,nn,4,3,2,5,58,38,61,111053.72950807239,NA,fl,unfenced,nnb
NA,895,NA,NA,NA,NA,NA,NA,NA,NA,NA,nn,0,4,2,6,46,21,48,38000.70473782214,NA,fl,unfenced,nnb
NA,874,NA,NA,NA,NA,NA,NA,NA,NA,NA,nn,0,3,2,5,56,31,60,87650.43503515523,NA,fl,unfenced,nnb
ns,201,0,2,0,2,27,27,18,6870.663133400877,NA,ns,NA,NA,NA,NA,NA,NA,NA,NA,NA,fl,fenced,nsa
ns,202,0,3,3,6,65,42,73,175786.2461352901,NA,ns,0,5,2,7,70,51,99,392582.0573723779,NA,fl,fenced,nsa
ns,203,0,8,5,13,63,57,63,177682.98269989493,NA,ns,0,9,1,10,67,43,113,431236.2133821467,NA,fl,fenced,nsa
ns,204,0,5,0,5,40,35,35,33673.94625566559,NA,ns,0,7,1,8,54,33,46,54842.78295371702,NA,fl,fenced,nsa
ns,205,0,10,9,19,65,35,83,189371.27816757574,NA,ns,0,16,5,21,62,39,92,259256.79214484408,NA,fl,fenced,nsa
ns,206,0,4,1,5,37,34,44,51698.04870747364,NA,ns,0,4,0,4,34,25,38,28352.87369864788,NA,fl,fenced,nsa
ns,207,0,13,6,19,60,48,72,195432.19579451386,NA,ns,0,15,6,21,49,43,95,304793.3922604647,NA,fl,fenced,nsa
ns,208,0,32,2,34,49,49,110,465662.5710783471,NA,ns,0,27,12,39,79,52,131,700867.3298673077,NA,fl,fenced,nsa
ns,209,0,2,0,2,35,35,19,9923.505794526758,NA,ns,0,2,0,2,24,13,22,4941.725244096745,NA,fl,fenced,nsa
ns,210,0,3,1,4,18,18,16,3619.1147369354417,NA,ns,0,4,0,4,31,31,26,16458.803912156927,NA,fl,fenced,nsa
ns,211,0,2,1,3,25,14,22,5321.85795518111,NA,ns,0,2,0,2,11,11,12,1244.0706908215582,NA,fl,fenced,nsa
ns,212,0,2,1,3,20,20,17,4539.601384437251,NA,ns,0,2,1,3,16,15,11,1425.4976665663687,NA,fl,fenced,nsa
ns,213,0,13,10,23,55,38,68,138003.88208689244,NA,ns,0,9,1,10,45,42,38,47632.827813728436,NA,fl,fenced,nsa
ns,214,0,9,1,10,54,47,113,471351.2099758348,NA,ns,0,3,2,5,26,26,23,10802.366339368504,NA,fl,fenced,nsa
ns,215,0,6,6,12,32,27,46,44871.36787122301,NA,ns,0,4,1,5,54,42.5,57,108449.74189732816,NA,fl,fenced,nsa
ns,216,0,2,3,5,20,16,26,8494.8665353068,NA,ns,0,4,0,4,33,33,31,24907.33195582328,NA,fl,fenced,nsa
ns,217,0,3,1,4,28,18,35,17318.029502913734,NA,ns,0,1,4,5,39,35,41,46208.900943488865,NA,fl,fenced,nsa
ns,218,0,4,1,5,26,26,30,18378.31702350029,NA,ns,0,1,1,2,30,22,35,21166.48050356123,NA,fl,fenced,nsa
ns,219,0,19,2,21,50,34,71,134612.53281734223,NA,ns,0,8,1,9,54,54,67,190385.22719652185,NA,fl,fenced,nsa
ns,220,0,16,0,16,62,62,79,303903.53614133544,NA,ns,0,16,10,26,86.5,76,99,585024.2423588376,NA,fl,fenced,nsa
ns,221,0,9,2,11,47,42,88,255449.18184869326,NA,ns,0,13,5,18,72,46.5,129,607746.2039250076,NA,fl,fenced,nsa
ns,222,0,4,7,11,58,32,80,160849.54386379741,NA,ns,0,10,5,15,70,49.5,72,201539.4519130924,NA,fl,fenced,nsa
ns,223,0,2,1,3,43,36,36,36643.536711471344,NA,ns,0,2,1,3,73.5,49,57,125036.17301103717,NA,fl,fenced,nsa
ns,224,0,0,7,7,35,31,45,49303.36970727481,NA,ns,0,9,4,13,42,39,51,79670.00429687375,NA,fl,fenced,nsa
ns,225,0,7,2,9,42,42,51,85798.46616586404,NA,ns,0,4,4,8,59.5,44,71,174204.4542342076,NA,fl,fenced,nsa
ns,226,0,3,2,5,59,29,62,87553.04566289394,NA,ns,0,5,1,6,54,55,67,193910.879552013,NA,fl,fenced,nsa
ns,227,0,6,3,9,49,38,58,100399.01802342261,NA,ns,0,6,4,10,57,35.5,88.5,218375.93416707308,NA,fl,fenced,nsa
ns,228,0,6,0,6,49,42,66,143690.16478988997,NA,ns,0,4,0,4,23,23,26,12211.370644503526,NA,fl,fenced,nsa
ns,229,0,1,0,1,13,12,12,1357.1680263507906,NA,ns,0,1,0,1,33,33,20,10367.255756846318,NA,fl,fenced,nsa
ns,230,0,4,0,4,16,16,28,9852.03456165759,NA,ns,0,2,0,2,36,36,19,10207.034531513236,NA,fl,fenced,nsa
ns,231,0,1,0,1,11,9,9,572.5552611167398,NA,ns,0,0,0,0,0,0,0,0,NA,fl,fenced,nsa
ns,232,0,4,1,5,14,9,29,5944.678698755286,NA,ns,NA,NA,NA,NA,NA,NA,NA,NA,missing,fl,fenced,nsa
ns,233,0,4,0,4,39,16,44,24328.49350939936,NA,ns,0,2,1,3,12,12,11,1140.398133253095,NA,fl,fenced,nsa
ns,234,0,5,2,7,48,29,49,54686.48871920093,NA,ns,0,4,2,6,31,29,24,13119.290921390975,NA,fl,fenced,nsa
ns,235,0,5,1,6,36,33,33,28224.8537980141,NA,ns,0,4,0,4,50,25.5,61,74522.89743304858,NA,fl,fenced,nsa
ns,236,0,4,2,6,61,37,57,94415.06941649746,NA,ns,0,5,1,6,70,41,80,206088.47807549045,NA,fl,fenced,nsa
ns,237,0,9,1,10,48,39,91,253651.4054526765,NA,ns,0,9,1,10,93,35,114,357246.2086029633,NA,fl,fenced,nsa
ns,238,0,5,1,6,35,33,42,45719.59788769226,NA,ns,0,4,2,6,40,40,24,18095.57368467721,NA,fl,fenced,nsa
ns,239,0,4,3,7,28,28,36,28500.528553366603,NA,ns,0,4,0,4,48,43,49,81086.86258364275,NA,fl,fenced,nsa
ns,240,0,5,0,5,82,54,77,251457.78838230742,NA,ns,0,5,2,7,85.5,39.5,109,368586.9653833408,NA,fl,fenced,nsa
ns,241,0,5,0,5,56,44,60,124407.06908215581,NA,ns,0,4,4,8,54,40,47,69397.78171779853,NA,fl,fenced,nsa
ns,242,0,6,0,6,30,30,28,18472.564803107984,NA,ns,0,2,1,3,60,52,58,137388.12992678882,NA,fl,fenced,nsa
NA,243,NA,NA,NA,NA,NA,NA,NA,NA,NA,ns,0,4,0,4,23,23,15,4064.435495581795,NA,fl,fenced,nsa
NA,244,NA,NA,NA,NA,NA,NA,NA,NA,NA,ns,0,3,1,4,41,41,25,20125.827937059614,NA,fl,fenced,nsa
ns,101,0,2,0,2,55,37,62,111705.60998369228,NA,ns,0,2,3,5,35,25,28,15393.804002589985,NA,fl,unfenced,nsb
ns,102,0,3,0,3,46,24,42,33250.61664559437,NA,ns,0,2,3,5,21,16,2,50.26548245743669,NA,fl,unfenced,nsb
ns,103,0,3,1,4,39,37,43,53731.44455250962,NA,ns,0,1,6,7,64,22,80,110584.06140636072,NA,fl,unfenced,nsb
ns,104,0,1,0,1,23,15,18,3817.0350741115985,NA,ns,0,1,0,1,35,17,31,12831.049795424113,NA,fl,unfenced,nsb
ns,105,0,1,0,1,15,15,8,753.9822368615503,NA,ns,0,1,1,2,27,22,26,11680.441486046851,NA,fl,unfenced,nsb
ns,106,0,8,2,10,48,40,36,40715.040790523715,NA,ns,0,6,2,8,26,26,36,26464.776513840417,NA,fl,unfenced,nsb
ns,107,0,3,0,3,43,38,28,23398.582083936777,NA,ns,0,1,2,3,23,22,25,10799.224746714914,NA,fl,unfenced,nsb
ns,108,0,2,0,2,30,30,28,18472.564803107984,NA,ns,0,1,1,2,35,35,17,7944.3024227651895,NA,fl,unfenced,nsb
ns,109,0,1,1,2,20,20,9,1272.345024703866,NA,ns,0,1,1,2,33,28,25,13744.467859455344,NA,fl,unfenced,nsb
ns,110,0,4,3,7,40,37,37,39782.77317057095,NA,ns,0,6,3,9,50,41,62,123781.89214409144,NA,fl,unfenced,nsb
ns,111,0,2,0,2,31,28,14,4310.265120725196,NA,ns,0,1,1,2,20,18,15,3180.8625617596654,NA,fl,unfenced,nsb
ns,112,0,4,1,5,18,15,25,7363.107781851078,NA,ns,NA,NA,NA,NA,NA,NA,NA,NA,NA,fl,unfenced,nsb
ns,113,0,4,2,6,45,45,30,31808.625617596656,NA,ns,NA,NA,NA,NA,NA,NA,NA,NA,NA,fl,unfenced,nsb
ns,114,0,2,1,3,52,16,39,19113.4497044403,NA,ns,0,4,2,6,60,37,42,51261.367328624656,NA,fl,unfenced,nsb
ns,115,0,7,0,7,49,33,47,57253.16991718379,NA,ns,0,1,4,5,71,44,58,116251.4945534367,NA,fl,unfenced,nsb
ns,116,0,0,2,2,14,14,17,3177.7209691060757,NA,ns,0,6,3,9,45,35,61,102286.32981006667,NA,fl,unfenced,nsb
ns,117,0,3,1,4,24,24,33,20527.16639855571,NA,ns,0,1,0,1,20,20,16,4021.238596594935,NA,fl,unfenced,nsb
ns,118,0,1,0,1,20,15,10,1178.0972450961724,NA,ns,0,1,0,1,15,9,16,1809.5573684677208,NA,fl,unfenced,nsb
ns,119,0,4,3,7,43,38,40,47752.20833456486,NA,ns,0,1,1,2,69,35,67,123397.83244219009,NA,fl,unfenced,nsb
ns,120,0,7,1,8,41,40,52,84948.665353068,NA,ns,0,3,5,8,60,37,63,115338.07648940547,NA,fl,unfenced,nsb
ns,121,2,3,1,4,65,55,67,193910.879552013,No pollination,ns,0,1,1,2,57,57,24,25786.192500665024,NA,fl,unfenced,nsb
ns,122,0,6,1,7,60,40,43,58088.048164875276,NA,ns,0,4,0,4,57,49,46,81433.22317370103,NA,fl,unfenced,nsb
ns,123,0,2,1,3,50,34,53,75010.2369934367,NA,ns,0,2,1,3,68,68,26,36103.1827750539,NA,fl,unfenced,nsb
ns,124,0,2,1,3,39,38,20,11938.052083641214,NA,ns,0,2,2,4,52,39,36,39697.164770760624,NA,fl,unfenced,nsb
ns,125,0,9,2,11,44,44,60,124407.06908215581,NA,ns,0,6,0,6,89,67,106,591257.1621835598,NA,fl,unfenced,nsb
ns,126,0,2,0,2,17,17,10,1335.1768777756622,NA,ns,0,1,0,1,32,26,26,13804.158119873551,NA,fl,unfenced,nsb
ns,127,0,3,3,6,53,37,65,122777.36789310611,NA,ns,0,2,1,3,84,38,84,210587.238755431,NA,fl,unfenced,nsb
ns,128,0,2,1,3,58,40,33,34211.94399759285,NA,ns,0,2,0,2,72,61,59,166772.23141397757,NA,fl,unfenced,nsb
ns,129,0,3,2,5,58,27,55,64147.3949954866,NA,ns,0,2,2,4,57,42,49,79201.12159332549,NA,fl,unfenced,nsb
ns,130,0,3,0,3,35,10,35,9621.127501618741,NA,ns,0,3,0,3,36,27,34,24513.847475961156,NA,fl,unfenced,nsb
ns,131,0,1,3,4,42,28,50,54977.87143782138,NA,ns,0,3,0,3,50,36,61,105208.79637606858,NA,fl,unfenced,nsb
ns,132,0,5,3,8,43,26,50,51050.88062083414,NA,ns,0,2,7,9,46,35,85,198607.5605691297,NA,fl,unfenced,nsb
ns,133,0,1,2,3,30,30,32,24127.43157956961,NA,ns,NA,NA,NA,NA,NA,NA,NA,NA,NA,fl,unfenced,nsb
ns,134,0,3,1,4,43,43,30,30394.90892348125,NA,ns,0,2,2,4,58,35,59,95688.98523752812,NA,fl,unfenced,nsb
ns,135,0,4,1,5,23,20,34,18158.405537749004,NA,ns,NA,NA,NA,NA,NA,NA,NA,NA,NA,fl,unfenced,nsb
ns,136,0,2,0,2,20,15,16,3015.928947446201,NA,ns,0,1,1,2,43,43,32,34582.65193071644,NA,fl,unfenced,nsb
ns,137,0,3,0,3,25,25,28,15393.804002589985,NA,ns,0,3,0,3,62,37,68,134372.20097934263,NA,fl,unfenced,nsb
ns,138,0,2,0,2,26,26,8,1306.902543893354,NA,ns,0,2,1,3,41,34,25,16689.710972195775,NA,fl,unfenced,nsb
ns,139,0,2,0,2,50,30,48,54286.72105403162,NA,ns,0,1,2,3,26,20,30,14137.166941154068,NA,fl,unfenced,nsb
ns,140,0,3,0,3,54,33,48,59715.39315943479,NA,ns,0,2,1,3,37,29,34,26329.688029736055,NA,fl,unfenced,nsb
ns,141,0,2,1,3,24,16,28,9852.03456165759,NA,ns,0,0,0,0,0,0,0,0,NA,fl,unfenced,nsb
ns,142,0,3,4,7,73,54,30,38170.35074111599,NA,ns,0,3,1,4,41,32,38,36291.67833426929,NA,fl,unfenced,nsb
ns,143,0,5,4,9,36,32,28,19704.06912331518,NA,ns,0,4,1,5,46,39,55,92657.34832681397,NA,fl,unfenced,nsb
ns,144,0,14,5,19,63,42,57,107173.862580889,NA,ns,0,12,5,17,50,39,65,129413.98237381455,NA,fl,unfenced,nsb
ns,145,0,2,1,3,31,28,21,9698.09652163169,NA,ns,0,2,2,4,32,18,38,20414.069063026473,NA,fl,unfenced,nsb
ns,146,0,15,6,21,62,53,75,234146.82746286428,NA,ns,0,4,3,7,69,56,56,137928.48386320626,NA,fl,unfenced,nsb
ns,147,0,8,3,11,48,48,50,94247.7796076938,NA,ns,0,5,6,11,36,32,52,67958.9322824544,NA,fl,unfenced,nsb
ns,148,0,0,1,1,15,15,7,577.2676500971245,NA,ns,0,0,0,0,0,0,0,0,NA,fl,unfenced,nsb
ns,149,0,1,0,1,35,22,28,13546.547522279187,NA,ns,0,0,0,0,0,0,0,0,NA,fl,unfenced,nsb
ns,150,0,5,4,9,59,47,51,96012.56928084786,NA,ns,0,5,1,6,21,20,30,14137.166941154068,NA,fl,unfenced,nsb
ns,151,0,4,1,5,33,33,22,12544.379465784044,NA,ns,0,4,3,7,29,29,29,19155.075807100366,NA,fl,unfenced,nsb
ns,152,0,3,1,4,32,32,18,8143.008158104743,NA,ns,0,3,2,5,51,40,45,63617.25123519331,NA,fl,unfenced,nsb
ns,153,0,2,0,2,33,30,35,28863.382504856225,NA,ns,0,2,2,4,30,24,32,19301.94526365569,NA,fl,unfenced,nsb
ns,154,0,2,5,7,32,24,31,18114.42324059875,NA,ns,0,1,3,4,27,27,35,25977.0442543706,NA,fl,unfenced,nsb
ns,155,0,7,1,8,57,27,46,44871.36787122301,NA,ns,0,3,3,6,62,57,63,177682.98269989493,NA,fl,unfenced,nsb
ns,156,0,9,4,13,78,63,89,391931.7476930848,NA,ns,20,7,2,9,96,61,93,414367.43162869633,NA,fl,unfenced,nsb
ns,157,0,3,1,4,54,47,53,103690.62172622132,NA,ns,0,4,0,4,46,26,40,32672.56359733385,NA,fl,unfenced,nsb
ns,158,0,4,1,5,30,21,41,27725.34056609332,NA,ns,0,2,0,2,52,52,30,36756.63404700058,NA,fl,unfenced,nsb
ns,159,0,2,1,3,32,16,32,12867.963509103793,NA,ns,0,3,0,3,27,23,21,7966.293571340318,NA,fl,unfenced,nsb
ns,160,0,14,4,18,59,32,81,164895.91520162107,NA,ns,0,14,5,19,44,37,73,154859.31207156507,NA,fl,unfenced,nsb
ns,161,0,6,1,7,64,32,60,90477.86842338604,NA,ns,0,4,3,7,62,56,47,97156.89440491796,NA,fl,unfenced,nsb
ns,162,0,1,1,2,28,23,23,9555.939454056754,NA,ns,0,0,0,0,0,0,0,0,NA,fl,unfenced,nsb
ns,163,0,12,4,16,54,39,84,216129.0081963634,NA,ns,0,7,7,14,60,39,64,125462.64421376197,NA,fl,unfenced,nsb
NA,335,NA,NA,NA,NA,NA,NA,NA,NA,NA,ns,0,3,0,3,19,13,25,6381.360077604268,NA,fl,unfenced,nsb
mpn,401,0,3,0,3,23,22,19,6237.632213702534,NA,mpn,0,3,1,4,26,26,34,23605.927199073703,NA,fl,fenced,mpna
mpn,402,0,3,0,3,26,25,24,11309.733552923255,NA,mpn,0,6,0,6,42,22,45,34989.48817935632,NA,fl,fenced,mpna
mpn,403,0,9,3,12,33,24,40,30159.289474462013,NA,mpn,0,5,2,7,44,17,66,58160.30479590784,NA,fl,fenced,mpna
mpn,404,0,0,1,1,11,11,8,552.9203070318035,NA,mpn,0,0,0,0,0,0,0,0,DEAD,fl,fenced,mpna
mpn,405,3,3,1,4,100,77,71,304857.7949098633,NA,mpn,1,4,0,4,50,39,44,59300.702929160936,NA,fl,fenced,mpna
mpn,406,0,4,0,4,26,26,24,11762.122895040186,NA,mpn,0,3,1,4,43,22,38,24950.528854810134,NA,fl,fenced,mpna
mpn,407,0,4,1,5,33,28,27,16031.547311268714,NA,mpn,0,5,0,5,56,39,54,89318.6207342114,NA,fl,fenced,mpna
mpn,408,0,5,2,7,42,29,49,54686.48871920093,NA,mpn,0,4,0,4,53,39.5,49,74486.7691175323,NA,fl,fenced,mpna
mpn,409,0,3,1,4,23,21,30,14844.025288211773,NA,mpn,0,4,2,6,35.5,38,36,38679.28875099753,NA,fl,fenced,mpna
mpn,410,0,5,1,6,26,22,31,16604.88797054885,NA,mpn,0,7,1,8,37,34,36,34607.78467194516,NA,fl,fenced,mpna
mpn,411,0,13,3,16,51,50,35,48105.63750809371,NA,mpn,0,7,2,9,64,39,63,121572.56711045442,NA,fl,fenced,mpna
mpn,412,0,3,0,3,26,24,31,18114.42324059875,NA,mpn,0,3,2,5,37,33,42,45719.59788769226,NA,fl,fenced,mpna
mpn,413,0,1,0,1,7,7,4,87.96459430051421,NA,mpn,0,0,0,0,0,0,0,0,DEAD,fl,fenced,mpna
mpn,414,0,3,1,4,18,18,16,3619.1147369354417,NA,mpn,0,4,0,4,44,35,35,33673.94625566559,NA,fl,fenced,mpna
mpn,415,0,3,0,3,37,37,24,16738.405658326417,NA,mpn,0,4,1,5,37,26.5,32,21312.564561953157,NA,fl,fenced,mpna
mpn,416,1,8,1,9,49,39,59,106624.86926467418,NA,mpn,0,11,0,11,44,33,49,62229.45268047002,NA,fl,fenced,mpna
mpn,417,1,5,2,7,61,32,49,60343.71169015275,NA,mpn,0,8,2,10,46,39,58,103041.09744509163,NA,fl,fenced,mpna
mpn,418,0,2,0,2,27,23,21,7966.293571340318,NA,mpn,0,0,0,0,0,0,0,0,DEAD,fl,fenced,mpna
mpn,419,0,6,0,6,38,32,37,34406.72274211542,NA,mpn,1,6,1,7,63,25,71,98979.80354216341,NA,fl,fenced,mpna
mpn,420,0,6,2,8,52,23,69,86003.45508651077,NA,mpn,0,6,0,6,47,42,49,79201.12159332549,NA,fl,fenced,mpna
mpn,421,0,4,2,6,40,31,39,37032.30880235308,NA,mpn,0,2,2,4,23,28,30,19792.033717615697,NA,fl,fenced,mpna
mpn,422,0,1,1,2,29,28,21,9698.09652163169,NA,mpn,0,1,1,2,30,30,7,1154.535300194249,NA,fl,fenced,mpna
mpn,423,0,6,1,7,32,30,47,52048.3362883489,NA,mpn,0,3,0,3,42,38,47,65927.8926319086,NA,fl,fenced,mpna
mpn,424,0,4,1,5,28,27,27,15458.992050151974,NA,mpn,0,3,0,3,34,34,36,34607.78467194516,NA,fl,fenced,mpna
mpn,425,0,3,3,6,36,21,51,42899.23308293202,NA,mpn,0,4,2,6,35,20,46,33238.05027498001,NA,fl,fenced,mpna
mpn,426,0,5,1,6,54,35,63,109103.58586835653,NA,mpn,0,3,2,5,66,49,81,252496.87015248227,NA,fl,fenced,mpna
mpn,427,0,6,2,8,39,37,56,91131.31969533271,NA,mpn,0,7,2,9,63,40,52.5,86590.14751456867,NA,fl,fenced,mpna
mpn,428,0,8,2,10,38,38,51,77627.18367387699,NA,mpn,0,6,1,7,54,47,48,85049.19631798287,NA,fl,fenced,mpna
mpn,429,0,2,0,2,14,9,17,2042.820622996763,NA,mpn,0,1,0,1,19,19,12,2148.8493750554185,NA,fl,fenced,mpna
mpn,430,0,4,3,7,50,39,38,44230.48296989069,NA,mpn,0,3,0,3,62,57,44,86670.25812723521,NA,fl,fenced,mpna
mpn,431,0,4,1,5,31,31,30,21912.608758788807,NA,mpn,0,6,2,8,32.5,29,26,15396.945595243576,NA,fl,fenced,mpna
mpn,432,0,5,5,10,24,19,44,28890.086042411738,NA,mpn,0,6,0,6,47,46,38,52169.2876055121,NA,fl,fenced,mpna
mpn,433,0,4,0,4,59,32,36,32572.032632418974,NA,mpn,0,3,0,3,35,35,9,2226.603793231766,NA,fl,fenced,mpna
mpn,434,0,4,1,5,27,27,25,13253.59400733194,NA,mpn,0,4,0,4,34,34,21,11776.260061981338,NA,fl,fenced,mpna
mpn,435,0,3,3,6,59,46,45,73159.8389204723,NA,mpn,0,4,3,7,50,28,43,40661.63371541269,NA,fl,fenced,mpna
mpn,436,0,3,0,3,29,29,28,17856.81264300438,NA,mpn,0,3,2,5,39,34,28,20935.57344352238,NA,fl,fenced,mpna
mpn,437,0,2,0,2,13,13,11,1235.4313110241862,NA,mpn,0,1,0,1,25,25,5,490.8738521234052,NA,fl,fenced,mpna
mpn,438,0,1,0,1,25,20,19,5670.574739729576,NA,mpn,0,1,1,2,37,14,32,11259.468070465819,NA,fl,fenced,mpna
mpn,439,0,1,3,4,26,25,23,10386.890710931253,NA,mpn,0,4,0,4,76,33,65,109504.13893168923,NA,fl,fenced,mpna
mpn,440,0,4,1,5,43,30,58,79262.38265007047,NA,mpn,0,5,1,6,55,37,37,39782.77317057095,NA,fl,fenced,mpna
mpn,441,0,3,0,3,36,23,51,46984.87432892555,NA,mpn,0,6,3,9,29,16,35,15393.804002589986,NA,fl,fenced,mpna
mpn,442,0,1,2,3,46,23,31,17359.6556055738,NA,mpn,0,2,1,3,66,34,40,42725.66008882119,NA,fl,fenced,mpna
mpn,443,0,4,2,6,31,20,48,36191.14736935442,NA,mpn,0,2,3,5,31,23,34,20882.166368411356,NA,fl,fenced,mpna
mpn,444,0,10,1,11,44,24,51,49027.69495192231,NA,mpn,0,8,2,10,45,39,57,99518.58668225407,NA,fl,fenced,mpna
mpn,445,0,6,3,9,55,39,40,49008.845396000776,NA,mpn,0,5,2,7,65,65,42,90053.75341515141,NA,fl,fenced,mpna
mpn,446,0,0,1,1,9,9,5,176.71458676442586,NA,mpn,0,1,0,1,19,19,6.5,630.4783756673016,NA,fl,fenced,mpna
mpn,447,0,4,1,5,53,32,70,123150.43202071989,NA,mpn,0,2,3,5,68,21,79,102935.06869303297,NA,fl,fenced,mpna
mpn,448,0,3,4,7,68,27,70,103908.1770174824,NA,mpn,0,8,2,10,46,23,61,67216.73101804382,NA,fl,fenced,mpna
mpn,449,0,1,0,1,46,17,36,17303.89233597258,NA,mpn,0,1,1,2,48,26,56,64038.22465077434,NA,fl,fenced,mpna
mpn,450,0,0,3,3,20,20,13,2654.645792283375,NA,mpn,0,3,0,3,43,18,43,26139.621674193873,NA,fl,fenced,mpna
mpn,451,0,2,1,3,43,25,30,17671.458676442588,NA,mpn,0,2,1,3,43,22,51,44942.05370592878,NA,fl,fenced,mpna
mpn,452,9,9,5,14,50,38,46,63152.29552246202,8 flowers + 1 fruit,mpn,0,7,3,10,57,57,60,161163.70312915638,8 flowers + 1 fruit,fl,fenced,mpna
mpn,453,0,9,1,10,42,42,41,55450.68113218664,NA,mpn,0,12,1,13,38,33,28,20319.82128341878,NA,fl,fenced,mpna
mpn,454,0,4,1,5,36,32,26,16989.7330706136,NA,mpn,0,3,0,3,43,35,26,18582.520545983625,NA,fl,fenced,mpna
mpn,455,0,6,0,6,39,33,46,54842.78295371702,NA,mpn,0,5,3,8,40,36,49,67886.67565142184,NA,fl,fenced,mpna
mpn,456,0,2,0,2,23,18,23,7478.561311870502,NA,mpn,0,2,1,3,26,25,24,11309.733552923255,NA,fl,fenced,mpna
mpn,457,0,3,1,4,31,23,29,15191.956674596842,NA,mpn,0,3,1,4,35,31,29,20476.115517934875,NA,fl,fenced,mpna
mpn,458,0,6,2,8,46,45,59,123028.6953053933,NA,mpn,0,8,2,10,44,39,46,64814.19803621102,NA,fl,fenced,mpna
mpn,459,0,5,0,5,68,25,59,68349.27516966294,NA,mpn,8,6,4,10,60,31,63,96634.60462625863,NA,fl,fenced,mpna
mpn,460,0,8,3,11,38,31,48,56096.278422499345,NA,mpn,0,10,2,12,51,31,39,37032.30880235308,NA,fl,fenced,mpna
mpn,461,0,3,0,3,30,28,25,13744.467859455344,NA,mpn,0,3,2,5,51,48,45,76340.70148223196,NA,fl,fenced,mpna
mpn,462,0,6,0,6,47,34,60,96132.73519984767,NA,mpn,3,5,2,7,55,33,47,57253.16991718379,NA,fl,fenced,mpna
mpn,463,0,5,3,8,44,29,48,52477.1636855639,NA,mpn,0,4,1,5,59,42,48,76001.40947564428,NA,fl,fenced,mpna
mpn,464,0,4,2,6,48,35,44,53218.5795518111,NA,mpn,7,11,3,14,49,41,53,90453.52108032073,NA,fl,fenced,mpna
mpn,465,0,4,0,4,33,29,14,4464.203160751095,NA,mpn,NA,NA,NA,NA,NA,NA,NA,NA,NA,fl,fenced,mpna
mpn,466,0,6,3,9,67,39,69,145831.9455814748,NA,mpn,3,9,2,11,72,46,81,237037.8781023303,NA,fl,fenced,mpna
mpn,467,1,4,2,6,44,41,96,296767.4084287062,NA,mpn,0,4,1,5,111,68,91,442263.98899441026,NA,fl,fenced,mpna
mpn,468,0,2,0,2,30,19,31,14340.585065474008,NA,mpn,0,4,0,4,41,19,40,23876.10416728243,NA,fl,fenced,mpna
mpn,469,2,5,1,6,48,47,46,78109.41814620302,NA,mpn,0,5,2,7,53,46,58,121535.65339677474,NA,fl,fenced,mpna
mpn,470,0,3,0,3,27,25,13,3318.307240354219,NA,mpn,0,3,2,5,35,35,21,12122.620652039614,NA,fl,fenced,mpna
mpn,471,0,4,2,6,44,42,47,72867.67080368847,NA,mpn,0,5,2,7,74,35,80,175929.18860102844,NA,fl,fenced,mpna
mpn,472,6,3,3,6,49,27,46,44871.36787122301,NA,mpn,0,7,0,7,62,41,80,206088.47807549045,NA,fl,fenced,mpna
mpn,473,0,7,2,9,43,39,61,113976.1960740743,NA,mpn,NA,NA,NA,NA,NA,NA,NA,NA,NA,fl,fenced,mpna
mpn,474,0,4,2,6,69,26,58,68694.06496339441,NA,mpn,0,5,3,8,59,50,78,238918.12130550374,NA,fl,fenced,mpna
mpn,475,1,7,1,8,44,25,51,51070.515574919074,NA,mpn,0,7,1,8,46,43,59,117560.75329182026,NA,fl,fenced,mpna
mpn,476,0,0,1,1,14,10,7,384.84510006474966,NA,mpn,0,1,0,1,41,30,24,13571.680263507906,NA,fl,fenced,mpna
mpn,477,0,12,5,17,47,35,75,154625.26341887264,NA,mpn,0,8,2,10,80,50,66,171059.71998796423,NA,fl,fenced,mpna
mpn,478,0,1,0,1,23,10,23,4154.756284372501,NA,mpn,0,3,0,3,22,22,17,4993.561522880977,NA,fl,fenced,mpna
mpn,479,0,4,2,6,25,21,29,13870.916963762334,NA,mpn,1,4,2,6,39,24,48,43429.3768432253,NA,fl,fenced,mpna
mpn,480,0,14,0,14,42,37,59,101156.92725110115,NA,mpn,0,15,8,23,47,38,60,107442.46875277092,NA,fl,fenced,mpna
mpn,481,0,1,1,2,21,21,13,2787.3780818975442,NA,mpn,NA,NA,NA,NA,NA,NA,NA,NA,NA,fl,fenced,mpna
mpn,482,0,3,0,3,28,28,24,12666.901579274047,NA,mpn,0,5,1,6,40,35,43,50827.04214426586,NA,fl,fenced,mpna
mpn,483,0,7,2,9,74,74,30,52307.51768227005,NA,mpn,0,8,3,11,135,61,133,847467.3948525852,NA,fl,fenced,mpna
mpn,484,0,2,0,2,39,22,35,21166.48050356123,NA,mpn,0,1,2,3,42,25,53,55154.586024585806,NA,fl,fenced,mpna
mpn,485,1,3,3,6,62,40,49,75429.63961269094,NA,mpn,0,6,0,6,92,79,50,155116.13727099603,NA,fl,fenced,mpna
mpn,486,0,3,1,4,45,33,44,50177.51786313618,NA,mpn,0,3,1,4,49,45,45,71569.40763959246,NA,fl,fenced,mpna
mpn,487,0,2,4,6,42,40,30,28274.333882308136,NA,mpn,0,7,1,8,123,68,95,481998.852877014,NA,fl,fenced,mpna
mpn,488,0,4,0,4,30,30,25,14726.215563702155,NA,mpn,0,16,3,19,46,38,55,90281.5188825367,NA,fl,fenced,mpna
mpn,489,0,8,0,8,67,37,83,200192.4940628658,NA,mpn,0,5,4,9,55,30,83,162318.23842935063,NA,fl,fenced,mpna
mpn,490,0,3,0,3,28,28,26,14866.016436786902,NA,mpn,0,4,1,5,34,20,28,12315.043202071989,NA,fl,fenced,mpna
mpn,491,0,5,1,6,23,23,37,24729.831970895455,NA,mpn,0,6,0,6,40,38,48,68763.18000177339,NA,fl,fenced,mpna
mpn,492,0,6,1,7,45,42,53,92659.70452130416,NA,mpn,0,10,1,11,52,36,64,115811.67158193413,NA,fl,fenced,mpna
mpn,493,0,2,0,2,30,13,36,13232.388256920209,NA,mpn,0,4,0,4,33,16,49,30171.855845076374,NA,fl,fenced,mpna
mpn,494,2,4,5,9,73,48,96,347435.0147458024,NA,mpn,0,5,0,5,81,46,107,413633.0843459197,NA,fl,fenced,mpna
mpn,495,0,4,1,5,15,11,16,2211.681228127214,NA,mpn,0,0,0,0,0,0,0,0,DEAD,fl,fenced,mpna
mpn,496,0,0,1,1,14,14,12,1583.3626974092558,NA,mpn,0,1,1,2,46,32,38,36291.67833426929,NA,fl,fenced,mpna
mpn,497,4,14,0,14,117,58,99,446465.8691685866,NA,mpn,0,6,4,10,98,78,91,507302.810905353,NA,fl,fenced,mpna
mpn,498,0,1,0,1,13,13,7,500.29863008417453,NA,mpn,0,1,0,1,53,22,46,36561.85530247801,NA,fl,fenced,mpna
NA,179,NA,NA,NA,NA,NA,NA,NA,NA,NA,mpn,0,0,1,1,2.5,2.5,1,1.9634954084936207,NA,fl,fenced,mpna
NA,876,NA,NA,NA,NA,NA,NA,NA,NA,NA,mpn,0,1,1,2,36,36,10,2827.4333882308138,NA,fl,fenced,mpna
NA,877,NA,NA,NA,NA,NA,NA,NA,NA,NA,mpn,0,1,0,1,37,37,8,NA,NA,fl,fenced,mpna
NA,878,NA,NA,NA,NA,NA,NA,NA,NA,NA,mpn,0,2,1,3,20,20,11,NA,NA,fl,fenced,mpna
NA,879,NA,NA,NA,NA,NA,NA,NA,NA,NA,mpn,0,3,0,3,45,43,39,2161.4157456697776,NA,fl,fenced,mpna
NA,880,NA,NA,NA,NA,NA,NA,NA,NA,NA,mpn,0,4,0,4,34,27,25,2565.8957998194637,NA,fl,fenced,mpna
NA,881,NA,NA,NA,NA,NA,NA,NA,NA,NA,mpn,0,1,0,1,19,16,13,19113.4497044403,NA,fl,fenced,mpna
NA,882,NA,NA,NA,NA,NA,NA,NA,NA,NA,mpn,0,4,2,6,75,59,43,28961.557275280906,NA,fl,fenced,mpna
NA,883,NA,NA,NA,NA,NA,NA,NA,NA,NA,mpn,0,2,0,2,20,20,12,2654.645792283375,NA,fl,fenced,mpna
NA,884,NA,NA,NA,NA,NA,NA,NA,NA,NA,mpn,22,1,0,1,77,45,61,65349.05418548468,NA,fl,fenced,mpna
NA,885,NA,NA,NA,NA,NA,NA,NA,NA,NA,mpn,0,2,0,2,114,89,77,10065.662862101697,NA,fl,fenced,mpna
NA,886,NA,NA,NA,NA,NA,NA,NA,NA,NA,mpn,0,1,0,1,10,10,8,29224.66566001905,NA,fl,fenced,mpna
NA,887,NA,NA,NA,NA,NA,NA,NA,NA,NA,mpn,0,9,0,9,65,53,35,246801.16267152395,NA,fl,fenced,mpna
NA,888,NA,NA,NA,NA,NA,NA,NA,NA,NA,mpn,0,2,0,2,31,31,16,1558.2299561805373,NA,fl,fenced,mpna
NA,889,NA,NA,NA,NA,NA,NA,NA,NA,NA,mpn,0,1,0,1,25,25,9,24052.818754046853,NA,fl,fenced,mpna
mpn,301,0,8,2,10,29,25,35,24052.818754046853,NA,mpn,0,9,0,9,39,39,30,27567.475535250433,NA,fl,unfenced,mpnb
mpn,302,4,12,4,16,54,46,59,125762.6663121798,No fertilization,mpn,NA,NA,NA,NA,NA,NA,NA,NA,NA,fl,unfenced,mpnb
mpn,303,0,3,0,3,15,15,16,3015.928947446201,NA,mpn,0,10,0,10,43,37,58,97756.93860175359,NA,fl,unfenced,mpnb
mpn,304,15,7,4,11,80,48,75,212057.50411731104,1 potentially pollinated,mpn,0,6,3,9,58,55,55,130670.61943525047,NA,fl,unfenced,mpnb
mpn,305,0,8,2,10,45,38,75,167878.85742620457,NA,mpn,0,11,0,11,45,42,56,103446.3628974047,NA,fl,unfenced,mpnb
mpn,306,0,1,0,1,20,20,13,2654.645792283375,NA,mpn,0,1,0,1,44,40,15,7068.583470577034,NA,fl,unfenced,mpnb
mpn,307,0,1,1,2,23,23,18,5852.787113637784,NA,mpn,0,2,0,2,56,40,32,32169.90877275948,NA,fl,unfenced,mpnb
mpn,308,0,10,3,13,37,30,56,73890.25921243193,NA,mpn,0,9,3,12,44,38,66,130005.38719085282,NA,fl,unfenced,mpnb
mpn,309,25,8,4,12,51,54,75,238564.69213197494,maybe 3 pollinated,mpn,0,4,1,5,53,53,33,45330.825796810524,NA,fl,unfenced,mpnb
mpn,310,0,4,1,5,29,27,31,20378.72614567359,NA,mpn,0,3,0,3,42,30,59,82019.13020359553,NA,fl,unfenced,mpnb
mpn,311,0,1,0,1,4,4,5,78.53981633974483,NA,mpn,NA,NA,NA,NA,NA,NA,NA,NA,NA,fl,unfenced,mpnb
mpn,312,0,12,2,14,47,40,66,136847.7759903714,NA,mpn,0,15,7,22,83,54,71,213796.37565107297,NA,fl,unfenced,mpnb
mpn,313,0,2,0,2,25,25,20,7853.981633974483,NA,mpn,0,3,0,3,47,37,46,61490.39300871302,NA,fl,unfenced,mpnb
mpn,314,0,5,0,5,34,35,32,28148.670176164545,NA,mpn,0,4,1,5,51,46,44,69944.41883952316,NA,fl,unfenced,mpnb
mpn,315,0,3,0,3,26,26,29,17173.516240848603,NA,mpn,0,1,0,1,47,25,39,29864.765163187967,NA,fl,unfenced,mpnb
mpn,316,0,8,2,10,69,59,73,246937.82195195515,NA,mpn,0,10,6,16,69,57,80,286513.2500073892,NA,fl,unfenced,mpnb
mpn,317,0,3,1,4,43,25,40,31415.926535897932,NA,mpn,0,3,0,3,51,43,44,65382.826306510775,NA,fl,unfenced,mpnb
mpn,318,0,4,0,4,36,34,22,12924.51217686841,NA,mpn,0,3,2,5,48,40,43,58088.048164875276,NA,fl,unfenced,mpnb
mpn,319,0,8,4,12,51,35,58,92472.77975841556,NA,mpn,0,6,1,7,64,51,77,237487.91124995702,NA,fl,unfenced,mpnb
mpn,320,0,1,1,2,20,20,15,3534.291735288517,NA,mpn,0,2,0,2,37,31,32,24931.679298888597,NA,fl,unfenced,mpnb
mpn,321,0,1,0,1,18,18,11,1710.5971998796424,NA,mpn,0,2,0,2,39,30,32,24127.43157956961,NA,fl,unfenced,mpnb
mpn,322,0,1,0,1,17,17,11,1615.5640221085512,NA,mpn,0,0,0,0,0,0,0,0,NA,fl,unfenced,mpnb
mpn,323,0,7,0,7,59,27,58,71336.14438506344,NA,mpn,0,9,3,12,55,45,53,99278.25484425445,NA,fl,unfenced,mpnb
mpn,324,0,4,2,6,57,24,54,54965.30506720702,NA,mpn,0,5,2,7,52,34,73,142303.15163333007,NA,fl,unfenced,mpnb
mpn,325,0,1,0,1,38,35,19,9923.505794526758,NA,mpn,0,2,0,2,46,31,37,33331.51265642431,NA,fl,unfenced,mpnb
mpn,326,0,4,1,5,49,26,47,45108.558116569046,NA,mpn,0,2,2,4,65,44,71,174204.4542342076,NA,fl,unfenced,mpnb
mpn,327,0,3,1,4,22,22,37,23654.62188520435,NA,mpn,0,1,0,1,41,36,22,13684.77759903714,NA,fl,unfenced,mpnb
mpn,328,0,0,1,1,21,21,9,1335.9622759390595,NA,mpn,0,1,0,1,39,30,27,17176.65783350219,NA,fl,unfenced,mpnb
mpn,329,0,2,0,2,26,23,24,10404.954868689394,NA,mpn,0,2,0,2,46,25,40,31415.926535897932,NA,fl,unfenced,mpnb
mpn,330,0,1,0,1,26,14,24,6333.450789637023,NA,mpn,0,1,1,2,33,26,31,19623.958510648645,NA,fl,unfenced,mpnb
mpn,331,0,3,2,5,36,24,45,38170.35074111598,NA,mpn,0,3,0,3,65,41,44,62341.764617835855,NA,fl,unfenced,mpnb
mpn,332,0,1,4,5,26,24,31,18114.42324059875,NA,mpn,0,3,1,4,48,28,39,33448.53698277052,NA,fl,unfenced,mpnb
mpn,333,0,1,0,1,30,25,16,5026.548245743669,NA,mpn,0,1,0,1,35,20,30,14137.166941154068,NA,fl,unfenced,mpnb
mpn,334,4,10,1,11,79,33,82,174273.56927258658,1 fruit,mpn,89,7,2,9,85,43,94,298410.4613865337,NA,fl,unfenced,mpnb
mpn,337,0,7,2,9,44,36,44,54739.11039614856,Tag 337,mpn,17,5,0,5,90,54,85,306423.0934495144,NA,fl,unfenced,mpnb
mpn,338,0,2,0,2,27,26,38,29486.988646593796,NA,mpn,0,2,1,3,26,26,19,7371.747161648449,NA,fl,unfenced,mpnb
mpn,339,0,4,1,5,37,21,44,31931.147731086658,NA,mpn,0,4,2,6,44,36,44,54739.11039614856,NA,fl,unfenced,mpnb
mpn,340,0,2,0,2,28,28,13,3716.5041091967255,NA,mpn,NA,NA,NA,NA,NA,NA,NA,NA,NA,fl,unfenced,mpnb
mpn,341,0,1,0,1,34,12,53,26474.20129180119,NA,mpn,0,1,0,1,27,16,49,30171.855845076374,NA,fl,unfenced,mpnb
mpn,342,0,3,2,5,47,22,49,41486.30178698002,NA,mpn,1,4,2,6,45,34,45,54074.66354991431,NA,fl,unfenced,mpnb
mpn,343,2,2,0,2,53,25,56,61575.21601035994,1 fruit,mpn,46,2,0,2,62,25,63,77931.1327631118,NA,fl,unfenced,mpnb
mpn,344,0,2,1,3,33,21,36,21375.396415024952,NA,mpn,0,3,0,3,39,39,42,54032.25204909085,NA,fl,unfenced,mpnb
mpn,345,0,2,1,3,28,18,21,6234.490621048944,NA,mpn,0,1,0,1,19,19,15,3357.577148524091,NA,fl,unfenced,mpnb
mpn,346,0,6,4,10,44,33,74,141927.7313112261,NA,mpn,0,1,0,1,26,20,15,3534.291735288517,NA,fl,unfenced,mpnb
mpn,347,0,3,2,5,31,28,21,9698.09652163169,NA,mpn,0,3,1,4,62,58,49,109372.97743840185,NA,fl,unfenced,mpnb
mpn,348,0,0,1,1,13,13,7,500.29863008417453,NA,mpn,0,9,0,9,73,59,52,125299.28139577531,NA,fl,unfenced,mpnb
mpn,349,0,9,1,10,39,39,60,110269.90214100173,NA,mpn,0,8,2,10,46,45,60,127234.50247038662,NA,fl,unfenced,mpnb
mpn,350,0,6,4,10,32,29,39,34643.12758929804,NA,mpn,0,9,2,11,34,34,42,47105.04024792535,NA,fl,unfenced,mpnb
mpn,351,0,2,0,2,20,20,11,1900.6635554218249,NA,mpn,0,2,0,2,27,18,20,5654.8667764616275,NA,fl,unfenced,mpnb
mps,801,9,3,2,5,44,31,51,63327.43931289965,3 flowers + 6 fruit,mps,3,4,1,5,76,34,98,256460.77468314918,NA,fl,fenced,mpsa
mps,802,0,1,1,2,24,19,20,5969.026041820607,NA,mps,6,6,4,10,77,32,104,271835.7291298176,NA,fl,fenced,mpsa
mps,803,6,15,15,30,61,43,102,351365.1471554432,All 6 flowers are fruit,mps,8,10,4,14,70,49,89,304835.8037612882,NA,fl,fenced,mpsa
mps,804,0,0,1,1,13,13,7,500.29863008417453,NA,mps,0,2,1,3,64,33,58,87188.62091507752,NA,fl,fenced,mpsa
mps,805,0,5,2,7,40,30,39,35837.71819582556,NA,mps,0,0,0,0,0,0,0,0,NA,fl,fenced,mpsa
mps,806,0,0,1,1,16,16,9,1017.8760197630929,NA,mps,0,0,0,0,0,0,0,0,NA,fl,fenced,mpsa
mps,807,0,6,4,10,50,31,50,60868.357663302246,NA,mps,2,2,5,7,70,43,69,160789.0682052158,NA,fl,fenced,mpsa
mps,808,0,2,1,3,27,26,13,3451.039529968388,NA,mps,0,1,0,1,23,23,14,3540.5749205956968,NA,fl,fenced,mpsa
mps,809,0,1,1,2,33,33,14,5079.955320854695,NA,mps,0,2,0,2,67,49,32,39408.13824663036,NA,fl,fenced,mpsa
mps,810,0,12,5,17,45,45,65,149323.82581593987,NA,mps,0,2,2,4,37,35,39,41810.67122846316,NA,fl,fenced,mpsa
mps,811,2,2,7,9,85,45,80,226194.67105846512,NA,mps,23,7,3,10,76,49,64,157632.55298652145,NA,fl,fenced,mpsa
mps,812,0,2,2,4,27,24,29,15852.476530014097,NA,mps,0,1,0,1,23,21,14,3232.698840543897,NA,fl,fenced,mpsa
mps,813,0,5,1,6,68,50,52,106185.83169133501,NA,mps,0,3,1,4,48,53,52,112556.98159281511,NA,fl,fenced,mpsa
mps,814,0,1,5,6,20,20,24,9047.786842338604,NA,mps,0,3,0,3,43,36,37,38707.56308487985,NA,fl,fenced,mpsa
mps,815,4,6,5,11,70,55,74,236546.2188520435,1 fruit incl in flower#,mps,0,2,0,2,135,81,150,1431388.1527918496,NA,fl,fenced,mpsa
mps,816,0,2,0,2,46,44,49,82972.60357396003,NA,mps,4,2,2,4,76,42,126,523697.21216811135,NA,fl,fenced,mpsa
mps,817,0,1,1,2,19,19,17,4312.621315215389,NA,mps,0,3,0,3,28,28,27,16031.547311268714,NA,fl,fenced,mpsa
mps,818,0,2,0,2,12,11,18,2799.1590543485054,NA,mps,1,4,1,5,66,54,49,101830.01347713276,NA,fl,fenced,mpsa
mps,819,0,7,7,14,40,34,45,54074.66354991431,NA,mps,6,4,0,4,46,40,28,24630.086404143978,NA,fl,fenced,mpsa
mps,820,23,15,12,27,63,31,123,368350.95323523984,"Of 23 flowers, 10 are fruit",mps,1,10,2,12,60,60,53,132371.00645900593,NA,fl,fenced,mpsa
mps,821,17,5,7,12,62,36,76,163312.55250421178,"Of 17 flowers, 7 are fruit",mps,2,6,3,9,30,46,92,305790.0625298161,NA,fl,fenced,mpsa
mps,822,2,5,1,6,39,46,73,192527.79338627012,"Of 2 flowers, 1 is fruit",mps,41,5,3,8,94,65,106,573607.6946556924,NA,fl,fenced,mpsa
mps,823,0,2,0,2,38,38,14,5849.645520984194,NA,mps,0,1,1,2,25,25,20,7853.981633974483,NA,fl,fenced,mpsa
mps,824,0,5,4,9,39,39,36,39697.164770760624,NA,mps,0,2,3,5,77,46,59,125762.6663121798,NA,fl,fenced,mpsa
mps,825,0,2,1,3,26,26,20,8168.140899333463,NA,mps,1,2,0,2,36,36,23,14957.122623741005,NA,fl,fenced,mpsa
mps,826,0,3,5,8,57,31,71,122734.95639228263,NA,mps,0,0,0,0,0,0,0,0,NA,fl,fenced,mpsa
mps,827,0,0,4,4,19,19,17,4312.621315215389,NA,mps,0,1,0,1,34,29,20,9110.6186954104,NA,fl,fenced,mpsa
mps,828,0,7,7,14,39,30,42,41563.270806992965,NA,mps,0,0,0,0,0,0,0,0,NA,fl,fenced,mpsa
mps,829,0,5,1,6,37,31,49,58457.970699835474,NA,mps,7,1,5,6,54,40,46,66476.10054996001,NA,fl,fenced,mpsa
mps,830,0,2,1,3,25,24,21,8312.654161398592,NA,mps,0,1,0,1,30,30,20,9424.77796076938,NA,fl,fenced,mpsa
mps,831,0,3,3,6,17,17,14,2616.9466804402973,NA,mps,0,0,0,0,0,0,0,0,NA,fl,fenced,mpsa
mps,832,0,4,4,8,46,46,28,28324.599364765574,NA,mps,0,5,4,9,89,40,63,124689.81242097888,NA,fl,fenced,mpsa
mps,833,0,7,4,11,34,34,39,40616.08062193564,NA,mps,0,3,1,4,44,42,42,58188.579129790145,NA,fl,fenced,mpsa
mps,834,0,9,3,12,43,43,38,48766.942761674356,NA,mps,5,4,4,8,97,56,98,422405.9818310692,NA,fl,fenced,mpsa
mps,835,0,3,3,6,30,30,37,32256.3025707332,NA,mps,0,3,0,3,52,50,28,30787.60800517997,NA,fl,fenced,mpsa
NA,836,0,6,2,8,61,38,68,138003.88208689244,NA,mps,0,3,1,4,53,48,80,241274.3157956961,NA,fl,fenced,mpsa
NA,837,0,3,3,6,37,18,40,22619.46710584651,NA,mps,0,4,0,4,20,20,21,6927.211801165494,NA,fl,fenced,mpsa
NA,838,0,2,0,2,27,18,30,12723.450247038661,NA,mps,0,1,1,2,34,28,25,13744.467859455344,NA,fl,fenced,mpsa
NA,839,0,3,1,4,42,28,75,123700.21073509811,NA,mps,0,4,1,5,43,43,70,165483.39302784236,NA,fl,fenced,mpsa
NA,840,0,5,3,8,33,31,26,16458.803912156927,NA,mps,0,5,5,10,36,39,40,49008.845396000776,NA,fl,fenced,mpsa
NA,841,0,1,3,4,29,29,26,15396.945595243576,NA,mps,0,3,1,4,51,38,47,65927.8926319086,NA,fl,fenced,mpsa
NA,842,0,1,3,4,24,23,17,5220.541592102839,NA,mps,0,5,0,5,59,43,65,142687.21133523143,NA,fl,fenced,mpsa
NA,843,0,4,5,9,53,45,58,118893.57397510573,NA,mps,0,3,2,5,57,46,34,41764.33273682271,NA,fl,fenced,mpsa
NA,844,0,6,3,9,43,29,40,36442.4747816416,NA,mps,4,6,0,6,55,39,86,226543.38784301357,NA,fl,fenced,mpsa
NA,845,0,1,1,2,18,18,18,4580.442088933918,NA,mps,0,1,1,2,32,22,25,10799.224746714914,NA,fl,fenced,mpsa
NA,846,0,3,1,4,50,50,33,42764.92999699106,NA,mps,6,3,1,4,80,36,60,101787.60197630929,NA,fl,fenced,mpsa
mps,901,12,3,3,6,49,30,44,45615.9253301238,No flowers fertilized,mps,0,4,1,5,55,45,48,81430.08158104743,NA,fl,unfenced,mpsb
mps,902,0,4,2,6,36,33,32,26540.174737526573,NA,mps,0,3,1,4,37,17,35,16355.91675275186,NA,fl,unfenced,mpsb
mps,903,0,1,0,1,15,15,5,294.5243112740431,NA,mps,0,0,0,0,0,0,0,0,NA,fl,unfenced,mpsb
mps,904,0,1,0,1,23,7,9,445.32075864635317,NA,mps,0,0,0,0,0,0,0,0,NA,fl,unfenced,mpsb
mps,905,0,2,0,2,24,24,19,6804.689687675491,NA,mps,0,1,0,1,23,23,11,2185.763088735099,NA,fl,unfenced,mpsb
mps,906,0,5,2,7,34,34,36,34607.78467194516,NA,mps,0,4,1,5,57,37,98,279089.66656695644,NA,fl,unfenced,mpsb
mps,907,0,2,2,4,33,33,27,18894.323616852413,NA,mps,3,3,1,4,81,35.5,95,251631.75407549998,NA,fl,unfenced,mpsb
mps,908,0,4,2,6,79,49,106,432411.95443275274,NA,mps,0,5,1,6,138,45,151,805853.8585631349,NA,fl,unfenced,mpsb
mps,909,0,2,1,3,35,31,24,14024.069605624836,NA,mps,0,4,0,4,40,30,42,41563.270806992965,NA,fl,unfenced,mpsb
mps,910,0,1,1,2,38,28,20,8796.459430051422,NA,mps,1,1,1,2,63,30,63,93517.35931573417,NA,fl,unfenced,mpsb
mps,911,0,3,2,5,28,28,25,13744.467859455344,NA,mps,0,3,0,3,63,53,43,76966.66381845974,NA,fl,unfenced,mpsb
mps,912,0,3,1,4,25,23,19,6521.160950689013,NA,mps,0,4,0,4,42,25,36,25446.900494077323,NA,fl,unfenced,mpsb
mps,913,0,6,2,8,58,37,37,39782.77317057095,NA,mps,0,9,0,9,52,48,55,114039.8133253095,NA,fl,unfenced,mpsb
mps,914,0,8,3,11,45,38,41,50169.6638815022,NA,mps,0,7,0,7,53,43,62,129820.03322429102,NA,fl,unfenced,mpsb
mps,915,0,7,3,10,48,41,45,65207.68251607314,"White fungus @ base, pix on EC phone",mps,0,4,0,4,79,38,65,126095.67513346033,NA,fl,unfenced,mpsb
mps,916,0,1,0,1,11,11,8,552.9203070318035,NA,mps,0,7,0,7,54,37,63,115338.07648940547,NA,fl,unfenced,mpsb
mps,917,0,3,0,3,16,15,15,2650.718801466388,NA,mps,0,2,2,4,25.5,25,23,10386.890710931253,NA,fl,unfenced,mpsb
mps,918,0,5,1,6,37,33,43,47922.6397360221,NA,mps,0,9,1,10,61,61,55,144925.59610091415,NA,fl,unfenced,mpsb
mps,919,0,4,0,4,66,54,53,119133.90581310535,NA,mps,0,3,0,3,32,26.5,31,20001.342328161118,NA,fl,unfenced,mpsb
mps,920,0,1,0,1,7,7,4,87.96459430051421,NA,mps,0,0,0,0,0,0,0,0,NA,fl,unfenced,mpsb
mps,921,0,7,3,10,73,43,78,205469.58432273322,NA,mps,0,6,0,6,29,29,41,38287.375067462206,NA,fl,unfenced,mpsb
mps,922,0,4,1,5,51,51,44,77547.07306121045,NA,mps,3,5,2,7,61,33,94,229012.67966873516,NA,fl,unfenced,mpsb
mps,923,1,4,0,4,60,54,63,168331.2467683215,3 more flowers were there but fell offl no pollination on 1 remaining flower,mps,23,2,2,4,74,40,85,226980.06922186253,NA,fl,unfenced,mpsb
mps,924,0,2,0,2,30,20,29,13210.39710834508,NA,mps,0,0,0,0,0,0,0,0,NA,fl,unfenced,mpsb
mps,925,0,2,0,2,23,13,27,7443.218394517617,NA,mps,0,0,0,0,0,0,0,0,NA,fl,unfenced,mpsb
mps,926,0,7,0,7,19,19,14,2924.822760492097,NA,mps,0,3,3,6,27,27,10,2120.5750411731105,NA,fl,unfenced,mpsb
mps,927,0,5,0,5,32,32,28,19704.06912331518,NA,mps,0,0,0,0,0,0,0,0,NA,fl,unfenced,mpsb
mps,928,0,2,2,4,23,11,28,6773.273761139593,NA,mps,0,1,1,2,27,27,18,6870.663133400877,NA,fl,unfenced,mpsb
mps,929,0,7,1,8,33,28,52,59464.06574714761,NA,mps,0,0,0,0,0,0,0,0,NA,fl,unfenced,mpsb
mps,930,0,3,1,4,44,33,32,26540.174737526573,NA,mps,0,2,0,2,16,16,9,1017.8760197630929,NA,fl,unfenced,mpsb
mps,931,0,4,0,4,29,29,23,12048.793224680254,NA,mps,0,0,0,0,0,0,0,0,NA,fl,unfenced,mpsb
mps,932,0,13,6,19,28,28,40,35185.83772020569,NA,mps,0,16,6,22,50,50,52,106185.83169133501,NA,fl,unfenced,mpsb
mps,933,0,4,1,5,38,36,30,25446.900494077323,NA,mps,0,4,0,4,74,54,77,251457.78838230742,NA,fl,unfenced,mpsb
mps,934,0,17,3,20,40,39,42,54032.25204909085,NA,mps,0,14,1,15,49,32,60,90477.86842338604,NA,fl,unfenced,mpsb
mps,935,0,5,3,8,38,38,34,34500.97052172311,NA,mps,0,9,0,9,81,61,113,611753.6980537431,NA,fl,unfenced,mpsb
